Approval_Rank,Community_Name,Tax_Rate_Residential,Tax_Rate_Open_Space,Tax_Rate_Commercial,Tax_Rate_Industrial,Tax_Rate_Personal,Date_Approved,Fiscal_Year
1,Abington,17,0,17,17,17,11/18/2014,2015
2,Acton,19.05,0,19.05,19.05,19.05,12/17/2014,2015
3,Acushnet,14.28,0,18.28,18.28,18.28,11/10/2014,2015
4,Adams,21.37,0,25.38,25.38,25.38,9/16/2014,2015
5,Agawam,15.74,0,28.29,28.29,28.29,11/20/2014,2015
6,Alford,4.3,0,4.3,4.3,4.3,9/5/2014,2015
7,Amesbury,20.54,0,20.54,20.54,20.54,12/11/2014,2015
8,Amherst,20.54,0,20.54,20.54,20.54,12/16/2014,2015
9,Andover,14.97,14.97,24.77,24.77,24.77,12/4/2014,2015
10,Aquinnah,5.12,0,5.12,5.12,5.12,2/13/2015,2015
11,Arlington,13.55,0,13.55,13.55,13.55,12/10/2014,2015
12,Ashburnham,22.28,0,22.28,22.28,22.28,12/12/2014,2015
13,Ashby,19.68,0,19.68,19.68,19.68,11/10/2014,2015
14,Ashfield,15.97,0,15.97,15.97,15.97,12/17/2014,2015
15,Ashland,17.3,17.3,17.3,17.3,17.3,12/16/2014,2015
16,Athol,19.03,0,19.03,19.03,19.03,12/9/2014,2015
17,Attleboro,14.71,0,21.31,21.31,21.31,12/3/2014,2015
18,Auburn,17.26,0,23.26,23.26,23.16,11/21/2014,2015
19,Avon,16.37,0,32.87,32.87,32.82,11/14/2014,2015
20,Ayer,14.62,0,29.97,29.97,29.97,11/24/2014,2015
21,Barnstable,9.3,0,8.4,8.4,8.4,11/25/2014,2015
22,Barre,18.64,0,18.64,18.64,18.64,12/5/2014,2015
23,Becket,10.45,0,10.45,10.45,10.45,11/25/2014,2015
24,Bedford,14.62,10.94,32.12,32.12,32.12,11/20/2014,2015
25,Belchertown,17.89,0,17.89,17.89,17.89,12/1/2014,2015
26,Bellingham,14.25,0,20.47,20.47,20.36,12/4/2014,2015
27,Belmont,12.9,0,12.9,12.9,12.9,12/4/2014,2015
28,Berkley,13.91,0,13.91,13.91,13.91,12/11/2014,2015
29,Berlin,16.09,16.09,23.91,23.91,23.61,9/9/2014,2015
30,Bernardston,18.58,0,18.58,18.58,18.58,11/20/2014,2015
31,Beverly,14.11,14.11,25.7,25.7,25.7,12/11/2014,2015
32,Billerica,14.04,0,32.67,32.67,32.67,11/21/2014,2015
33,Blackstone,19.48,0,19.48,19.48,19.48,12/10/2014,2015
34,Blandford,15.44,0,15.44,15.44,15.44,12/23/2014,2015
35,Bolton,20.98,0,20.98,20.98,20.98,11/12/2014,2015
36,Boston,12.11,0,29.52,29.52,29.52,12/15/2014,2015
37,Bourne,10.07,0,10.07,10.07,10.07,12/4/2014,2015
38,Boxborough,16.65,0,16.65,16.65,16.65,11/20/2014,2015
39,Boxford,15.99,0,15.99,15.99,15.99,12/8/2014,2015
40,Boylston,17.41,0,17.41,17.41,17.41,12/15/2014,2015
41,Braintree,11.07,0,24.95,24.95,24.83,12/1/2014,2015
42,Brewster,8.26,0,8.26,8.26,8.26,9/18/2014,2015
43,Bridgewater,16.24,0,16.24,16.24,16.24,12/17/2014,2015
44,Brimfield,16.79,0,16.79,16.79,16.79,12/3/2014,2015
45,Brockton,18.15,0,33.88,33.88,33.88,12/16/2014,2015
46,Brookfield,19.15,0,19.15,19.15,19.15,12/11/2014,2015
47,Brookline,10.68,0,17.39,17.39,17.39,12/11/2014,2015
48,Buckland,16.8,0,16.8,16.8,16.8,11/25/2014,2015
49,Burlington,11.35,0,29.4,29.4,29.4,11/19/2014,2015
50,Cambridge,7.82,0,19.29,19.29,19.29,10/1/2014,2015
51,Canton,12.82,0,26.36,26.36,26.36,12/4/2014,2015
52,Carlisle,19,0,19,19,19,11/12/2014,2015
53,Carver,17.01,0,26.14,26.14,26.14,12/11/2014,2015
54,Charlemont,17.88,0,17.88,17.88,17.88,11/21/2014,2015
55,Charlton,13.42,0,13.42,13.42,13.42,12/17/2014,2015
56,Chatham,4.99,0,4.99,4.99,4.99,9/18/2014,2015
57,Chelmsford,18.7,0,18.7,18.7,18.7,12/3/2014,2015
58,Chelsea,14.4,0,33.45,33.45,33.45,11/24/2014,2015
59,Cheshire,11.94,0,11.94,11.94,11.94,9/19/2014,2015
60,Chester,19.3,0,19.3,19.3,19.3,12/22/2014,2015
61,Chesterfield,19.09,0,19.09,19.09,19.09,12/18/2014,2015
62,Chicopee,17.54,0,31.67,31.67,31.67,10/10/2014,2015
63,Chilmark,2.63,0,2.63,2.63,2.63,3/19/2015,2015
64,Clarksburg,14.09,0,14.09,14.09,14.09,12/16/2014,2015
65,Clinton,16.66,0,31.24,31.24,31.24,12/4/2014,2015
66,Cohasset,12.71,0,12.71,12.71,12.71,12/16/2014,2015
67,Colrain,18.09,0,18.09,18.09,18.09,9/29/2014,2015
68,Concord,14.29,0,14.29,14.29,14.29,11/21/2014,2015
69,Conway,16.17,0,16.17,16.17,16.17,9/19/2014,2015
70,Cummington,12.97,0,12.97,12.97,12.97,10/27/2014,2015
71,Dalton,19.47,0,19.47,19.47,19.47,11/17/2014,2015
72,Danvers,14.91,0,21.42,21.42,21.42,11/24/2014,2015
73,Dartmouth,9.81,0,15.03,15.03,14.96,11/24/2014,2015
74,Dedham,15.87,0,33.95,33.95,33.95,12/12/2014,2015
75,Deerfield,14.94,0,14.94,14.94,14.94,12/16/2014,2015
76,Dennis,6.4,6.4,6.4,6.4,6.4,12/16/2014,2015
77,Devens,16.71,0,22.6,22.6,0,12/18/2014,2015
78,Dighton,14.8,0,27.76,27.76,27.76,12/15/2014,2015
79,Douglas,16.46,0,16.46,16.46,16.46,12/17/2014,2015
80,Dover,12.7,0,12.7,12.7,12.7,12/11/2014,2015
81,Dracut,14.93,0,14.93,14.93,14.93,12/1/2014,2015
82,Dudley,12.26,0,12.26,12.26,12.26,12/3/2014,2015
83,Dunstable,16.73,0,16.73,16.73,16.73,11/26/2014,2015
84,Duxbury,15.6,0,15.6,15.6,15.6,12/12/2014,2015
85,East Bridgewater,17.76,0,17.76,17.76,17.76,9/24/2014,2015
86,East Brookfield,17.36,0,17.36,17.36,17.36,12/9/2014,2015
87,East Longmeadow,20.72,0,20.72,20.72,20.72,11/28/2014,2015
88,Eastham,7.1,0,7.1,7.1,7.1,9/3/2014,2015
89,Easthampton,15.15,0,15.15,15.15,15.15,11/7/2014,2015
90,Easton,16.78,0,16.78,16.78,16.78,12/16/2014,2015
91,Edgartown,3.47,0,3.47,3.47,3.47,12/17/2014,2015
92,Egremont,8.88,0,8.88,0,8.88,10/20/2014,2015
93,Erving,8.62,8.62,14.32,14.32,14.32,10/3/2014,2015
94,Essex,15.42,0,15.42,15.42,15.42,12/11/2014,2015
95,Everett,14.61,0,39.45,39.45,39.45,12/18/2014,2015
96,Fairhaven,12.15,0,24.5,24.5,24.5,12/4/2014,2015
97,Fall River,13.08,0,28.14,28.14,28.14,11/25/2014,2015
98,Falmouth,8.19,8.19,8.19,8.19,8.19,11/25/2014,2015
99,Fitchburg,20.68,0,26.35,26.35,26.35,10/30/2014,2015
100,Florida,9.03,0,26.36,26.36,26.36,3/30/2015,2015
101,Foxborough,15.19,0,17.52,17.52,17.52,12/1/2014,2015
102,Framingham,17.82,0,38.99,38.99,38.99,12/12/2014,2015
103,Franklin,14.84,0,14.84,14.84,14.84,11/20/2014,2015
104,Freetown,12.9,0,20.5,20.5,20.5,12/10/2014,2015
105,Gardner,19.98,0,19.98,19.98,19.98,12/19/2014,2015
106,Georgetown,16.03,0,16.03,16.03,16.03,11/17/2014,2015
107,Gill,16.85,0,16.85,16.85,16.85,1/5/2015,2015
108,Gloucester,13.65,0,14.58,14.58,14.58,11/20/2014,2015
109,Goshen,14.74,0,14.74,14.74,14.74,12/8/2014,2015
110,Grafton,16.5,0,16.5,16.5,16.5,11/21/2014,2015
111,Granby,18.31,0,18.31,18.31,18.31,12/16/2014,2015
112,Granville,12.68,0,12.68,12.68,12.68,10/20/2014,2015
113,Great Barrington,13.72,0,13.72,13.72,13.72,8/27/2014,2015
114,Greenfield,22.51,0,22.51,22.51,22.51,11/25/2014,2015
115,Groton,18.27,0,18.27,18.27,18.27,11/26/2014,2015
116,Groveland,14.61,0,14.61,14.61,14.61,12/15/2014,2015
117,Hadley,10.86,0,10.86,10.86,10.86,12/19/2014,2015
118,Halifax,18.99,0,18.99,18.99,18.99,9/11/2014,2015
119,Hamilton,17.09,0,17.09,17.09,17.09,12/11/2014,2015
120,Hampden,18.98,0,18.98,18.98,18.98,12/10/2014,2015
121,Hancock,2.84,0,2.84,2.84,2.84,10/8/2014,2015
122,Hanover,16.15,0,17.14,17.14,17.14,12/9/2014,2015
123,Hanson,15.92,0,15.92,15.92,15.92,12/5/2014,2015
124,Hardwick,15.9,0,15.9,15.9,15.9,11/6/2014,2015
125,Harvard,17.79,0,17.79,17.79,17.79,12/22/2014,2015
126,Harwich,8.97,0,8.97,8.97,8.97,11/18/2014,2015
127,Hatfield,13.17,0,13.17,13.17,13.17,12/19/2014,2015
128,Haverhill,15.35,0,26.8,26.8,26.8,12/17/2014,2015
129,Hawley,15.75,0,15.75,15.75,15.75,12/10/2014,2015
130,Heath,19.96,0,19.96,19.96,19.96,12/4/2014,2015
131,Hingham,12.53,0,12.53,12.53,12.53,12/11/2014,2015
132,Hinsdale,11.82,0,11.82,11.82,11.82,10/15/2014,2015
133,Holbrook,19.08,0,36.62,36.62,36.62,12/11/2014,2015
134,Holden,18.12,0,18.12,18.12,18.12,11/6/2014,2015
135,Holland,16.23,0,16.23,16.23,16.23,10/15/2014,2015
136,Holliston,19.38,0,19.38,19.38,19.38,12/15/2014,2015
137,Holyoke,19.04,0,39.93,39.93,39.93,12/22/2014,2015
138,Hopedale,16.58,0,26.69,26.69,26.69,12/4/2014,2015
139,Hopkinton,17.96,17.96,17.96,17.96,17.96,12/23/2014,2015
140,Hubbardston,14.92,0,14.92,14.92,14.92,11/19/2014,2015
141,Hudson,17.27,0,35.92,35.92,35.92,12/2/2014,2015
142,Hull,13.94,0,13.94,0,13.94,12/9/2014,2015
143,Huntington,17.22,0,17.22,17.22,17.22,12/15/2014,2015
144,Ipswich,13.51,0,13.51,13.51,13.51,11/25/2014,2015
145,Kingston,16.94,0,16.94,16.94,16.94,11/19/2014,2015
146,Lakeville,14.25,0,14.25,14.25,14.25,12/22/2014,2015
147,Lancaster,18.76,0,18.76,18.76,18.76,12/19/2014,2015
148,Lanesborough,18.98,0,18.98,18.98,18.98,12/10/2014,2015
149,Lawrence,15.12,0,32.43,32.43,32.43,12/10/2014,2015
150,Lee,14.08,0,14.08,14.08,14.08,11/20/2014,2015
151,Leicester,14.54,0,14.54,14.54,14.54,12/1/2014,2015
152,Lenox,12.33,0,15.18,15.18,15.18,11/20/2014,2015
153,Leominster,19.44,19.44,19.44,19.44,19.44,12/9/2014,2015
154,Leverett,19.88,0,19.88,19.88,19.88,12/15/2014,2015
155,Lexington,14.86,0,29.1,29.1,29.1,12/18/2014,2015
156,Leyden,17.17,0,17.17,17.17,17.17,11/12/2014,2015
157,Lincoln,14.15,0,18.6,18.6,18.6,9/10/2014,2015
158,Littleton,18.1,0,29.89,29.89,29.89,12/3/2014,2015
159,Longmeadow,23.62,0,26.13,26.13,26.13,12/9/2014,2015
160,Lowell,15.48,0,32.46,32.46,32.46,12/19/2014,2015
161,Ludlow,17.29,0,17.29,17.29,17.29,12/10/2014,2015
162,Lunenburg,18.32,0,18.32,18.32,18.32,12/4/2014,2015
163,Lynn,16.75,0,33.58,33.58,33.58,12/18/2014,2015
164,Lynnfield,14.49,0,17.28,17.28,17.28,12/1/2014,2015
165,Malden,15.73,0,24.69,24.69,24.69,12/4/2014,2015
166,Manchester By The Sea,10.84,0,10.84,10.84,10.84,12/1/2014,2015
167,Mansfield,15.5,0,20.75,20.75,20.75,10/31/2014,2015
168,Marblehead,11.08,0,11.08,11.08,11.08,11/19/2014,2015
169,Marion,11.11,0,11.11,11.11,11.11,12/11/2014,2015
170,Marlborough,15.76,0,27.43,27.43,27.43,12/3/2014,2015
171,Marshfield,13.29,0,13.29,13.29,13.29,12/10/2014,2015
172,Mashpee,9.11,9.11,9.11,9.11,9.11,11/18/2014,2015
173,Mattapoisett,13,0,13,13,13,12/11/2014,2015
174,Maynard,22.31,0,31.09,31.09,31.09,11/20/2014,2015
175,Medfield,16.04,0,16.04,16.04,16.04,11/20/2014,2015
176,Medford,11.7,0,22.77,22.77,22.77,12/17/2014,2015
177,Medway,18.24,0,18.24,18.24,18.24,11/25/2014,2015
178,Melrose,12.96,0,18.9,18.9,18.9,12/10/2014,2015
179,Mendon,16.01,0,16.01,16.01,16.01,11/13/2014,2015
180,Merrimac,16.25,0,16.25,16.25,16.25,11/19/2014,2015
181,Methuen,14.6,0,25.57,25.57,25.57,12/19/2014,2015
182,Middleborough,15.78,0,16.77,16.77,16.77,10/27/2014,2015
183,Middlefield,17.44,0,17.44,17.44,17.44,12/15/2014,2015
184,Middleton,13.78,0,13.78,13.78,13.78,12/10/2014,2015
185,Milford,17.55,0,30.26,30.26,30.26,11/19/2014,2015
186,Millbury,16.46,0,16.46,16.46,16.46,12/17/2014,2015
187,Millis,17,0,17,17,17,12/4/2014,2015
188,Millville,17.24,0,17.24,17.24,17.24,12/1/2014,2015
189,Milton,13.94,0,22.4,22.4,22.4,12/10/2014,2015
190,Monroe,12.4,0,23.03,23.03,23.03,4/1/2015,2015
191,Monson,16.67,0,16.67,16.67,16.67,12/3/2014,2015
192,Montague,16.96,0,25.65,25.65,25.65,11/3/2014,2015
193,Monterey,5.92,0,5.92,5.92,5.92,12/15/2014,2015
194,Montgomery,14.37,0,14.37,14.37,14.37,12/17/2014,2015
195,Mount Washington,5.73,0,5.73,5.73,5.73,10/8/2014,2015
196,Nahant,10.92,0,10.92,10.92,10.92,9/22/2014,2015
197,Nantucket,3.61,3.45,6.38,6.38,6.38,12/9/2014,2015
198,Natick,13.82,0,13.82,13.82,13.82,11/20/2014,2015
199,Needham,11.29,0,22.43,22.43,22.43,12/17/2014,2015
200,New Ashford,7.9,7.9,11.19,11.19,11.05,11/6/2014,2015
201,New Bedford,15.73,0,33.56,33.56,33.56,12/17/2014,2015
202,New Braintree,16.24,0,16.24,16.24,16.24,12/17/2014,2015
203,New Marlborough,9.44,0,9.44,9.44,9.44,10/21/2014,2015
204,New Salem,16.48,16.48,20.1,20.1,20.1,12/4/2014,2015
205,Newbury,11.52,0,11.52,11.52,11.52,12/1/2014,2015
206,Newburyport,13.34,13.34,13.34,13.34,13.34,11/19/2014,2015
207,Newton,11.61,0,22.38,22.38,22.38,11/21/2014,2015
208,Norfolk,17.66,17.66,17.66,17.66,17.66,12/3/2014,2015
209,North Adams,16.69,0,36.03,36.03,36.03,12/10/2014,2015
210,North Andover,14.39,0,20.29,20.29,20.29,12/16/2014,2015
211,North Attleborough,13.14,0,13.14,13.14,13.14,11/26/2014,2015
212,North Brookfield,15.59,0,15.59,15.59,15.59,11/20/2014,2015
213,North Reading,16.62,0,16.62,16.62,16.62,12/4/2014,2015
214,Northampton,15.8,0,15.8,15.8,15.8,12/8/2014,2015
215,Northborough,16.73,0,16.73,16.73,16.73,12/1/2014,2015
216,Northbridge,13.38,0,13.38,13.38,13.38,12/10/2014,2015
217,Northfield,16.65,0,16.65,16.65,16.65,12/1/2014,2015
218,Norton,15.39,0,15.39,15.39,15.39,11/12/2014,2015
219,Norwell,16.5,0,16.5,16.5,16.5,12/11/2014,2015
220,Norwood,11.47,0,23.18,23.18,23.18,12/19/2014,2015
221,Oak Bluffs,7.96,7.96,7.96,7.96,7.96,12/16/2014,2015
222,Oakham,13.68,0,13.68,13.68,13.68,12/2/2014,2015
223,Orange,20.77,0,20.77,20.77,20.77,5/5/2015,2015
224,Orleans,6.42,0,6.42,6.42,6.42,9/18/2014,2015
225,Otis,7.53,0,7.53,7.53,7.53,12/4/2014,2015
226,Oxford,15.79,0,15.79,15.79,15.79,4/1/2015,2015
227,Palmer,19.33,0,19.33,19.33,19.33,10/24/2014,2015
228,Paxton,20.79,0,20.79,20.79,20.79,11/14/2014,2015
229,Peabody,12.3,0,24.3,24.3,24.3,11/24/2014,2015
230,Pelham,20.79,0,20.79,20.79,20.79,12/12/2014,2015
231,Pembroke,14.74,0,14.74,14.74,14.74,12/8/2014,2015
232,Pepperell,15.95,0,15.95,15.95,15.95,11/13/2014,2015
233,Peru,18.36,0,18.36,18.36,18.36,10/6/2014,2015
234,Petersham,16.99,0,16.99,16.99,16.99,11/6/2014,2015
235,Phillipston,15.7,0,15.7,15.7,15.7,12/1/2014,2015
236,Pittsfield,18.06,18.06,36.63,36.63,36.63,11/21/2014,2015
237,Plainfield,17.83,0,17.83,17.83,17.83,3/12/2015,2015
238,Plainville,15.42,0,16.5,16.5,16.5,11/25/2014,2015
239,Plymouth,15.54,0,15.54,15.54,15.54,12/17/2014,2015
240,Plympton,16.95,0,16.95,16.95,16.95,9/11/2014,2015
241,Princeton,17.3,0,17.3,17.3,17.3,11/13/2014,2015
242,Provincetown,7.38,0,7.38,7.38,7.38,11/12/2014,2015
243,Quincy,14.6,0,30.26,30.26,30.26,12/19/2014,2015
244,Randolph,18.1,0,33.18,33.18,33.18,12/18/2014,2015
245,Raynham,15.24,0,21.59,21.59,21.59,12/15/2014,2015
246,Reading,14.7,0,14.7,14.7,14.7,11/17/2014,2015
247,Rehoboth,12.31,0,12.31,12.31,12.31,11/6/2014,2015
248,Revere,14.8,0,29.74,29.74,29.74,11/21/2014,2015
249,Richmond,10.98,0,10.98,10.98,10.98,12/12/2014,2015
250,Rochester,14.07,0,14.07,14.07,14.07,3/18/2015,2015
251,Rockland,19.03,0,19.03,19.03,19.03,12/12/2014,2015
252,Rockport,11,0,11,11,11,12/12/2014,2015
253,Rowe,5.9,0,13.01,13.01,13.01,2/5/2015,2015
254,Rowley,14.24,14.24,14.24,14.24,14.24,12/2/2014,2015
255,Royalston,13.11,0,13.11,13.11,13.11,1/13/2015,2015
256,Russell,19.7,0,22.89,22.89,22.89,1/20/2015,2015
257,Rutland,17.65,0,17.65,17.65,17.65,12/12/2014,2015
258,Salem,16.41,0,30.99,30.99,30.99,12/12/2014,2015
259,Salisbury,11.75,0,11.75,11.75,11.75,12/19/2014,2015
260,Sandisfield,13,0,13,13,13,10/6/2014,2015
261,Sandwich,14.82,0,14.82,14.82,14.82,12/8/2014,2015
262,Saugus,12.02,0,26.74,26.74,26.74,12/15/2014,2015
263,Savoy,16.25,0,16.25,16.25,16.25,12/17/2014,2015
264,Scituate,13.1,0,13.1,13.1,13.1,12/9/2014,2015
265,Seekonk,13.23,0,26.97,26.97,26.89,12/9/2014,2015
266,Sharon,20.3,0,20.3,20.3,20.3,12/1/2014,2015
267,Sheffield,14.49,0,14.49,14.49,14.49,12/3/2014,2015
268,Shelburne,13.89,0,13.89,13.89,13.89,11/18/2014,2015
269,Sherborn,20.32,0,20.32,20.32,20.32,9/8/2014,2015
270,Shirley,17.31,0,17.31,17.31,17.31,11/24/2014,2015
271,Shrewsbury,13.2,0,13.2,13.2,13.2,10/22/2014,2015
272,Shutesbury,21.53,0,21.53,21.53,21.53,12/10/2014,2015
273,Somerset,17.35,0,29.98,29.98,29.73,12/5/2014,2015
274,Somerville,12.61,0,20.38,20.38,20.38,3/17/2015,2015
275,South Hadley,17.08,17.08,17.08,17.08,17.08,12/4/2014,2015
276,Southampton,15.71,0,15.71,15.71,15.71,12/1/2014,2015
277,Southborough,16.02,0,16.02,16.02,16.02,11/4/2014,2015
278,Southbridge,20.36,0,20.36,20.36,20.36,12/12/2014,2015
279,Southfield Redevelopment Authority,11.39,11.39,22.12,0,22.12,3/31/2015,2015
280,Southwick,16.94,0,16.94,16.94,16.94,9/9/2014,2015
281,Spencer,13.67,0,13.67,13.67,13.67,11/24/2014,2015
282,Springfield,19.67,0,38.77,38.77,38.77,12/16/2014,2015
283,Sterling,17.29,0,17.29,17.29,17.29,12/1/2014,2015
284,Stockbridge,8.67,0,8.67,8.67,8.67,12/4/2014,2015
285,Stoneham,12.96,0,22.08,22.08,22.08,12/2/2014,2015
286,Stoughton,15.13,0,26.34,26.34,26.34,11/25/2014,2015
287,Stow,19.98,0,19.98,19.98,19.98,11/17/2014,2015
288,Sturbridge,19.24,19.24,19.24,19.24,19.24,9/4/2014,2015
289,Sudbury,17.6,0,24.88,24.88,24.88,12/4/2014,2015
290,Sunderland,14.31,0,14.31,14.31,14.31,12/10/2014,2015
291,Sutton,16.68,0,16.68,16.68,16.68,12/10/2014,2015
292,Swampscott,17.15,0,31.73,31.73,31.73,12/22/2014,2015
293,Swansea,13.13,0,23.82,23.82,23.82,12/11/2014,2015
294,Taunton,15.01,0,33.25,33.25,33.25,12/9/2014,2015
295,Templeton,16.64,0,16.64,16.64,16.64,12/19/2014,2015
296,Tewksbury,16.37,0,27.62,27.62,27.62,11/6/2014,2015
297,Tisbury,8.92,0,8.34,8.34,8.34,12/17/2014,2015
298,Tolland,6.95,0,6.95,6.95,6.95,10/8/2014,2015
299,Topsfield,16.45,0,16.45,16.45,16.45,11/14/2014,2015
300,Townsend,19.11,0,19.11,19.11,19.11,12/10/2014,2015
301,Truro,6.63,0,6.63,6.63,6.63,9/22/2014,2015
302,Tyngsborough,16.96,0,16.96,16.96,16.96,11/19/2014,2015
303,Tyringham,6.66,0,6.66,6.66,6.66,10/15/2014,2015
304,Upton,16.95,0,16.95,16.95,16.95,11/21/2014,2015
305,Uxbridge,17.4,0,17.4,17.4,17.4,12/1/2014,2015
306,Wakefield,13.48,0,27.22,27.22,27.22,11/25/2014,2015
307,Wales,17.61,0,17.61,17.61,17.61,12/4/2014,2015
308,Walpole,15.7,0,20.93,20.93,20.93,12/3/2014,2015
309,Waltham,13.13,0,31.79,31.79,31.79,12/1/2014,2015
310,Ware,19.65,0,19.65,19.65,19.65,12/11/2014,2015
311,Wareham,11.04,0,11.04,11.04,11.04,12/17/2014,2015
312,Warren,18.75,0,18.75,18.75,18.75,12/3/2014,2015
313,Warwick,19.92,0,19.92,0,19.92,12/5/2014,2015
314,Washington,13.41,0,13.41,13.41,13.41,9/17/2014,2015
315,Watertown,15.03,0,27.87,27.87,27.87,12/1/2014,2015
316,Wayland,18.39,0,18.39,18.39,18.39,12/3/2014,2015
317,Webster,14.68,0,20.27,20.27,20.27,12/18/2014,2015
318,Wellesley,11.56,0,11.56,11.56,11.56,12/3/2014,2015
319,Wellfleet,6.78,0,6.78,6.78,6.78,10/10/2014,2015
320,Wendell,18.96,0,18.96,18.96,18.96,12/22/2014,2015
321,Wenham,16.25,0,16.25,16.25,16.25,12/11/2014,2015
322,West Boylston,18.34,0,18.34,18.34,18.34,11/12/2014,2015
323,West Bridgewater,17.81,0,28.78,28.78,28.78,12/4/2014,2015
324,West Brookfield,14.98,0,14.98,14.98,14.98,12/3/2014,2015
325,West Newbury,15.69,0,15.69,15.69,15.69,11/26/2014,2015
326,West Springfield,16.99,0,33.19,33.19,33.19,12/1/2014,2015
327,West Stockbridge,11.84,0,11.84,11.84,11.84,12/22/2014,2015
328,West Tisbury,5.71,0,5.71,5.71,5.71,3/24/2015,2015
329,Westborough,18.59,0,18.59,18.59,18.59,11/6/2014,2015
330,Westfield,18.54,0,34.69,34.69,34.69,12/22/2014,2015
331,Westford,16.24,0,16.44,16.44,16.24,11/24/2014,2015
332,Westhampton,18.25,0,18.25,18.25,18.25,12/1/2014,2015
333,Westminster,18.95,0,18.95,18.95,18.95,12/9/2014,2015
334,Weston,12.28,0,12.28,12.28,12.28,12/12/2014,2015
335,Westport,7.93,0,7.93,7.93,7.93,12/18/2014,2015
336,Westwood,15.24,0,28.79,28.79,28.79,11/20/2014,2015
337,Weymouth,12.9,0,22.24,22.24,22.24,12/8/2014,2015
338,Whately,16.17,16.17,16.17,16.17,16.17,11/20/2014,2015
339,Whitman,15.61,0,15.61,15.61,15.61,11/20/2014,2015
340,Wilbraham,20.88,0,20.88,20.88,20.88,11/25/2014,2015
341,Williamsburg,17.99,0,17.99,17.99,17.99,12/1/2014,2015
342,Williamstown,15.61,0,15.61,15.61,15.61,9/24/2014,2015
343,Wilmington,14.37,0,32.74,32.74,32.74,12/8/2014,2015
344,Winchendon,16.72,0,16.72,16.72,16.72,3/2/2015,2015
345,Winchester,12.14,0,11.4,11.4,11.4,12/2/2014,2015
346,Windsor,13.31,0,13.31,13.31,13.31,9/22/2014,2015
347,Winthrop,14.34,14.34,14.34,14.34,14.34,12/3/2014,2015
348,Woburn,10.17,0,26.3,26.3,26.3,12/12/2014,2015
349,Worcester,20.07,0,31.73,31.73,31.73,12/12/2014,2015
350,Worthington,13.94,0,13.94,13.94,13.94,12/4/2014,2015
351,Wrentham,14.98,0,18.76,18.76,18.71,12/3/2014,2015
352,Yarmouth,10.04,0,10.04,10.04,10.04,10/1/2014,2015
1,Abington,17.19,0,17.19,17.19,17.19,12/2/2013,2014
2,Acton,19.45,0,19.45,19.45,19.45,12/12/2013,2014
3,Acushnet,13.95,0,17.85,17.85,17.85,11/6/2013,2014
4,Adams,19.95,0,23.69,23.69,23.69,10/9/2013,2014
5,Agawam,15.55,0,27.93,27.93,27.93,11/27/2013,2014
6,Alford,4.3,0,4.3,4.3,4.3,9/18/2013,2014
7,Amesbury,20.97,0,20.97,20.97,20.97,12/12/2013,2014
8,Amherst,20.97,0,20.97,20.97,20.97,12/6/2013,2014
9,Andover,15.18,15.18,25.25,25.25,25.25,12/4/2013,2014
10,Aquinnah,4.69,0,4.69,0,4.69,12/9/2013,2014
11,Arlington,13.79,0,13.79,13.79,13.79,12/6/2013,2014
12,Ashburnham,19.83,0,19.83,19.83,19.83,12/12/2013,2014
13,Ashby,19.1,0,19.1,19.1,19.1,12/5/2013,2014
14,Ashfield,16.16,0,16.16,16.16,16.16,12/5/2013,2014
15,Ashland,17.39,17.39,17.39,17.39,17.39,12/9/2013,2014
16,Athol,18.43,0,18.43,18.43,18.43,2/25/2014,2014
17,Attleboro,14.85,0,21.59,21.59,21.59,12/10/2013,2014
18,Auburn,17.29,0,23.38,23.38,23.27,11/20/2013,2014
19,Avon,15.91,0,32.45,32.45,32.41,11/27/2013,2014
20,Ayer,14.08,0,28.55,28.55,28.55,12/11/2013,2014
21,Barnstable,9.12,0,8.22,8.22,8.22,11/22/2013,2014
22,Barre,16.06,0,16.06,16.06,16.06,11/26/2013,2014
23,Becket,10.44,0,10.44,10.44,10.44,12/18/2013,2014
24,Bedford,15.71,11.78,34.04,34.04,34.04,11/21/2013,2014
25,Belchertown,17.72,0,17.72,17.72,17.72,12/6/2013,2014
26,Bellingham,14.66,0,17.91,17.91,17.78,12/11/2013,2014
27,Belmont,13.5,0,13.5,13.5,13.5,12/20/2013,2014
28,Berkley,12.81,0,12.81,12.81,12.81,12/16/2013,2014
29,Berlin,16.67,16.67,23.91,23.91,23.53,10/2/2013,2014
30,Bernardston,17.48,0,17.48,17.48,17.48,12/10/2013,2014
31,Beverly,14.16,14.16,25.78,25.78,25.78,12/23/2013,2014
32,Billerica,14.29,0,33.16,33.16,33.16,12/6/2013,2014
33,Blackstone,18.83,0,18.83,18.83,18.83,12/17/2013,2014
34,Blandford,15.3,0,15.3,15.3,15.3,12/23/2013,2014
35,Bolton,21.2,0,21.2,21.2,21.2,11/19/2013,2014
36,Boston,12.58,0,31.18,31.18,31.18,12/17/2013,2014
37,Bourne,9.68,0,9.68,9.68,9.68,11/27/2013,2014
38,Boxborough,17.69,0,17.69,17.69,17.69,11/13/2013,2014
39,Boxford,15.47,0,15.47,15.47,15.47,11/25/2013,2014
40,Boylston,17.39,0,17.39,17.39,17.39,12/24/2013,2014
41,Braintree,11.42,0,26.06,26.06,25.93,11/26/2013,2014
42,Brewster,8.18,0,8.18,8.18,8.18,9/17/2013,2014
43,Bridgewater,16.25,0,16.25,16.25,16.25,12/18/2013,2014
44,Brimfield,16.42,0,16.42,16.42,16.42,12/18/2013,2014
45,Brockton,18.13,0,33.96,33.96,33.96,12/12/2013,2014
46,Brookfield,18.7,0,18.7,18.7,18.7,12/19/2013,2014
47,Brookline,11.39,0,18.5,18.5,18.5,12/13/2013,2014
48,Buckland,15.74,0,15.74,15.74,15.74,12/11/2013,2014
49,Burlington,12,0,32.24,32.24,32.24,11/21/2013,2014
50,Cambridge,8.38,0,20.44,20.44,20.44,10/2/2013,2014
51,Canton,12.87,0,26.53,26.53,26.53,11/26/2013,2014
52,Carlisle,18.64,0,18.64,18.64,18.64,11/13/2013,2014
53,Carver,17.01,0,23.64,23.64,23.64,12/17/2013,2014
54,Charlemont,17.2,0,17.2,17.2,17.2,12/12/2013,2014
55,Charlton,12.66,0,12.66,12.66,12.66,11/5/2013,2014
56,Chatham,5.08,0,5.08,5.08,5.08,9/10/2013,2014
57,Chelmsford,18.98,0,18.98,18.98,18.98,12/11/2013,2014
58,Chelsea,14.88,0,36.04,36.04,36.04,12/17/2013,2014
59,Cheshire,11.16,0,11.16,11.16,11.16,9/12/2013,2014
60,Chester,20.88,0,20.88,20.88,20.88,1/30/2014,2014
61,Chesterfield,18.44,0,18.44,18.44,18.44,12/19/2013,2014
62,Chicopee,16.51,0,29.6,29.6,29.6,11/25/2013,2014
63,Chilmark,2.48,0,2.48,2.48,2.48,12/9/2013,2014
64,Clarksburg,13.36,0,13.36,13.36,13.36,12/19/2013,2014
65,Clinton,16.15,0,30.19,30.19,30.19,12/6/2013,2014
66,Cohasset,12.54,0,12.54,12.54,12.54,12/11/2013,2014
67,Colrain,17.77,0,17.77,17.77,17.77,9/23/2013,2014
68,Concord,14.45,0,14.45,14.45,14.45,12/2/2013,2014
69,Conway,15.68,0,15.68,15.68,15.68,3/14/2014,2014
70,Cummington,13.09,0,13.09,13.09,13.09,9/20/2013,2014
71,Dalton,18.51,0,18.51,18.51,18.51,11/20/2013,2014
72,Danvers,14.85,0,20.9,20.9,20.9,12/10/2013,2014
73,Dartmouth,9.86,0,15.1,15.1,15.03,12/18/2013,2014
74,Dedham,16.08,0,34.72,34.72,34.72,12/10/2013,2014
75,Deerfield,13.71,0,13.71,13.71,13.71,11/25/2013,2014
76,Dennis,6.35,6.35,6.35,6.35,6.35,12/13/2013,2014
77,Devens,16.96,0,21.27,21.27,0,12/18/2013,2014
78,Dighton,15.23,0,28.71,28.71,28.71,12/5/2013,2014
79,Douglas,16.23,0,16.23,16.23,16.23,11/26/2013,2014
80,Dover,13.08,0,13.08,13.08,13.08,12/12/2013,2014
81,Dracut,14.49,0,14.49,14.49,14.49,11/22/2013,2014
82,Dudley,11.68,0,11.68,11.68,11.68,11/20/2013,2014
83,Dunstable,15.77,0,15.77,15.77,15.77,12/5/2013,2014
84,Duxbury,16.15,0,16.15,16.15,16.15,12/10/2013,2014
85,East Bridgewater,17.37,0,17.37,17.37,17.37,12/11/2013,2014
86,East Brookfield,17.42,0,17.42,17.42,17.42,12/19/2013,2014
87,East Longmeadow,20.47,0,20.47,20.47,20.47,12/3/2013,2014
88,Eastham,7.02,0,7.02,7.02,7.02,8/20/2013,2014
89,Easthampton,14.86,0,14.86,14.86,14.86,12/20/2013,2014
90,Easton,16.65,0,16.65,16.65,16.65,12/3/2013,2014
91,Edgartown,3.7,0,3.7,3.7,3.7,12/12/2013,2014
92,Egremont,8.26,0,8.26,0,8.26,2/21/2014,2014
93,Erving,8.45,8.45,14.04,14.04,14.04,12/6/2013,2014
94,Essex,15.24,0,15.24,15.24,15.24,12/19/2013,2014
95,Everett,15.04,0,40.95,40.95,40.95,12/17/2013,2014
96,Fairhaven,11.5,0,23.21,23.21,23.21,12/12/2013,2014
97,Fall River,12.58,0,26.68,26.68,26.68,12/5/2013,2014
98,Falmouth,8.15,8.15,8.15,8.15,8.15,11/22/2013,2014
99,Fitchburg,19.83,0,26.32,26.32,26.32,10/3/2013,2014
100,Florida,8.94,0,26.51,26.51,26.51,1/10/2014,2014
101,Foxborough,14.99,0,17.09,17.09,17.09,12/6/2013,2014
102,Framingham,18.29,0,40.92,40.92,40.92,12/20/2013,2014
103,Franklin,14.45,0,14.45,14.45,14.45,12/13/2013,2014
104,Freetown,12.61,0,19.91,19.91,19.91,12/19/2013,2014
105,Gardner,18.87,0,18.87,18.87,18.87,12/6/2013,2014
106,Georgetown,14.05,0,14.05,14.05,14.05,11/12/2013,2014
107,Gill,16.78,0,16.78,16.78,16.78,1/17/2014,2014
108,Gloucester,12.98,0,13.86,13.86,13.86,12/12/2013,2014
109,Goshen,14.52,0,14.52,14.52,14.52,12/9/2013,2014
110,Gosnold,2.75,0,2.75,2.75,2.75,8/7/2014,2014
111,Grafton,15.26,0,15.26,15.26,15.26,12/13/2013,2014
112,Granby,16.78,0,16.78,16.78,16.78,12/20/2013,2014
113,Granville,12.66,0,12.66,12.66,12.66,10/29/2013,2014
114,Great Barrington,13.56,0,13.56,13.56,13.56,8/27/2013,2014
115,Greenfield,20.53,0,20.53,20.53,20.53,11/27/2013,2014
116,Groton,17.38,0,17.38,17.38,17.38,12/18/2013,2014
117,Groveland,15.06,0,15.06,15.06,15.06,12/5/2013,2014
118,Hadley,10.64,0,10.64,10.64,10.64,11/14/2013,2014
119,Halifax,18.67,0,18.67,18.67,18.67,9/12/2013,2014
120,Hamilton,17.4,0,17.4,17.4,17.4,12/13/2013,2014
121,Hampden,18,0,18,18,18,12/4/2013,2014
122,Hancock,2.84,0,2.84,2.84,2.84,9/16/2013,2014
123,Hanover,16.21,0,17.2,17.2,17.2,12/17/2013,2014
124,Hanson,15.47,0,15.47,15.47,15.47,11/19/2013,2014
125,Hardwick,15.82,0,15.82,15.82,15.82,12/2/2013,2014
126,Harvard,17.09,0,17.09,17.09,17.09,12/13/2013,2014
127,Harwich,8.77,0,8.77,8.77,8.77,11/20/2013,2014
128,Hatfield,12.67,0,12.67,12.67,12.67,11/5/2013,2014
129,Haverhill,16.09,0,26.91,26.91,26.91,12/20/2013,2014
130,Hawley,16.05,0,16.05,0,16.05,11/13/2013,2014
131,Heath,19.12,0,19.12,19.12,19.12,12/18/2013,2014
132,Hingham,12.56,0,12.56,12.56,12.56,12/11/2013,2014
133,Hinsdale,12.77,0,12.77,12.77,12.77,9/3/2013,2014
134,Holbrook,18.77,0,36.17,36.17,36.17,12/17/2013,2014
135,Holden,17.75,0,17.75,17.75,17.75,11/26/2013,2014
136,Holland,15.91,0,15.91,15.91,15.91,12/5/2013,2014
137,Holliston,19.88,0,19.88,19.88,19.88,12/9/2013,2014
138,Holyoke,19.04,0,39.74,39.74,39.74,12/18/2013,2014
139,Hopedale,16.29,0,26.22,26.22,26.22,12/5/2013,2014
140,Hopkinton,17.63,17.63,17.63,17.63,17.63,12/12/2013,2014
141,Hubbardston,14.52,0,14.52,14.52,14.52,12/16/2013,2014
142,Hudson,17.42,0,34.45,34.45,34.45,12/16/2013,2014
143,Hull,13.87,0,13.87,0,13.87,11/25/2013,2014
144,Huntington,17.05,0,17.05,17.05,17.05,12/19/2013,2014
145,Ipswich,13.43,0,13.43,13.43,13.43,12/11/2013,2014
146,Kingston,16.68,0,16.68,16.68,16.68,12/2/2013,2014
147,Lakeville,14.2,0,14.2,14.2,14.2,12/17/2013,2014
148,Lancaster,18.91,0,18.91,18.91,18.91,12/12/2013,2014
149,Lanesborough,18.52,0,18.52,18.52,18.52,11/19/2013,2014
150,Lawrence,15.61,0,33.7,33.7,33.7,12/12/2013,2014
151,Lee,14.15,0,14.15,14.15,14.15,10/24/2013,2014
152,Leicester,14.53,0,14.53,14.53,14.53,12/18/2013,2014
153,Lenox,12.07,0,14.91,14.91,14.91,12/3/2013,2014
154,Leominster,18.89,18.89,18.89,18.89,18.89,12/17/2013,2014
155,Leverett,19.2,0,19.2,19.2,19.2,10/31/2013,2014
156,Lexington,15.51,0,29.56,29.56,29.56,12/9/2013,2014
157,Leyden,16.85,0,16.85,16.85,16.85,12/19/2013,2014
158,Lincoln,14.41,0,18.95,18.95,18.95,9/12/2013,2014
159,Littleton,17.41,0,29.22,29.22,29.22,12/4/2013,2014
160,Longmeadow,23.15,0,23.15,23.15,23.15,11/26/2013,2014
161,Lowell,15.14,0,31.75,31.75,31.75,12/12/2013,2014
162,Ludlow,17.22,0,17.22,17.22,17.22,12/18/2013,2014
163,Lunenburg,17.99,0,17.99,17.99,17.99,11/20/2013,2014
164,Lynn,17.13,0,34.81,34.81,34.81,12/31/2013,2014
165,Lynnfield,14.77,0,16.59,16.59,16.59,12/4/2013,2014
166,Malden,16.1,0,25.58,25.58,25.58,12/10/2013,2014
167,Manchester By The Sea,10.45,0,10.45,10.45,10.45,12/9/2013,2014
168,Mansfield,15.77,0,20.45,20.45,20.45,11/21/2013,2014
169,Marblehead,11.09,0,11.09,11.09,11.09,12/13/2013,2014
170,Marion,10.59,0,10.59,10.59,10.59,11/6/2013,2014
171,Marlborough,16.11,0,28.22,28.22,28.22,12/17/2013,2014
172,Marshfield,13.29,0,13.29,13.29,13.29,12/17/2013,2014
173,Mashpee,9.2,9.2,9.2,9.2,9.2,12/17/2013,2014
174,Mattapoisett,12.72,0,12.72,12.72,12.72,12/6/2013,2014
175,Maynard,22.29,0,32.28,32.28,32.28,12/11/2013,2014
176,Medfield,16.12,0,16.12,16.12,16.12,11/27/2013,2014
177,Medford,12.25,0,24.01,24.01,24.01,12/16/2013,2014
178,Medway,18.84,0,18.84,18.84,18.84,12/9/2013,2014
179,Melrose,13.28,0,18.51,18.51,18.51,12/5/2013,2014
180,Mendon,16.02,0,16.02,16.02,16.02,11/26/2013,2014
181,Merrimac,15.89,0,15.89,15.89,15.89,12/6/2013,2014
182,Methuen,14.85,0,24.81,24.81,24.81,12/20/2013,2014
183,Middleborough,15.6,0,16.59,16.59,16.59,11/20/2013,2014
184,Middlefield,17.42,0,17.42,17.42,17.42,12/19/2013,2014
185,Middleton,13.9,0,13.9,13.9,13.9,12/11/2013,2014
186,Milford,17.69,0,30.68,30.68,30.68,11/20/2013,2014
187,Millbury,17.1,0,17.1,17.1,17.1,11/13/2013,2014
188,Millis,17.06,0,17.06,17.06,17.06,12/9/2013,2014
189,Millville,17.18,0,17.18,17.18,17.18,11/21/2013,2014
190,Milton,14.99,0,22.97,22.97,22.97,12/10/2013,2014
191,Monroe,12.62,0,30.29,30.29,30.29,4/1/2014,2014
192,Monson,16.2,0,16.2,16.2,16.2,11/19/2013,2014
193,Montague,16.34,0,24.85,24.85,24.85,12/31/2013,2014
194,Monterey,6.08,0,6.08,6.08,6.08,12/20/2013,2014
195,Montgomery,14.2,0,14.2,14.2,14.2,12/20/2013,2014
196,Mount Washington,5.66,0,5.66,5.66,5.66,11/12/2013,2014
197,Nahant,11.03,0,11.03,11.03,11.03,9/23/2013,2014
198,Nantucket,3.76,3.6,6.68,6.68,6.68,12/5/2013,2014
199,Natick,14.18,0,14.18,14.18,14.18,11/20/2013,2014
200,Needham,11.64,0,22.99,22.99,22.99,12/6/2013,2014
201,New Ashford,8.2,8.2,13.18,13.18,13,11/25/2013,2014
202,New Bedford,15.16,0,31.08,31.08,31.08,12/23/2013,2014
203,New Braintree,16.34,0,16.34,16.34,16.34,11/27/2013,2014
204,New Marlborough,9.16,0,9.16,9.16,9.16,12/16/2013,2014
205,New Salem,16.12,16.12,19.66,19.66,19.66,12/9/2013,2014
206,Newbury,11.32,0,11.32,11.32,11.32,12/2/2013,2014
207,Newburyport,14.16,14.16,14.16,14.16,14.16,12/17/2013,2014
208,Newton,12.12,0,23.18,23.18,23.18,11/22/2013,2014
209,Norfolk,17.43,17.43,17.43,17.43,17.43,12/5/2013,2014
210,North Adams,15.92,0,34.54,34.54,34.54,12/13/2013,2014
211,North Andover,14.41,0,19.45,19.45,19.45,12/13/2013,2014
212,North Attleborough,13.24,0,13.24,13.24,13.24,12/16/2013,2014
213,North Brookfield,15.24,0,15.24,15.24,15.24,11/26/2013,2014
214,North Reading,16.43,0,16.43,16.43,16.43,11/22/2013,2014
215,Northampton,15.39,0,15.39,15.39,15.39,11/26/2013,2014
216,Northborough,16.59,0,16.59,16.59,16.59,11/20/2013,2014
217,Northbridge,13.26,0,13.26,13.26,13.26,12/18/2013,2014
218,Northfield,15.49,0,15.49,15.49,15.49,11/27/2013,2014
219,Norton,15.37,0,15.37,15.37,15.37,11/12/2013,2014
220,Norwell,16.37,0,16.37,16.37,16.37,12/10/2013,2014
221,Norwood,11.58,0,22.22,22.22,22.22,12/16/2013,2014
222,Oak Bluffs,7.81,7.81,7.81,7.81,7.81,12/18/2013,2014
223,Oakham,12.96,0,12.96,12.96,12.96,12/11/2013,2014
224,Orange,19.74,0,19.74,19.74,19.74,4/22/2014,2014
225,Orleans,6.2,0,6.2,6.2,6.2,9/19/2013,2014
226,Otis,7.3,0,7.3,7.3,7.3,11/27/2013,2014
227,Oxford,15,0,15,15,15,1/23/2014,2014
228,Palmer,18.06,0,18.06,18.06,18.06,12/10/2013,2014
229,Paxton,20.51,0,20.51,20.51,20.51,12/10/2013,2014
230,Peabody,12.4,0,24.46,24.46,24.46,12/16/2013,2014
231,Pelham,20.4,0,20.4,20.4,20.4,12/19/2013,2014
232,Pembroke,14.69,0,14.69,14.69,14.69,11/27/2013,2014
233,Pepperell,15.86,0,15.86,15.86,15.86,12/9/2013,2014
234,Peru,17.26,0,17.26,17.26,17.26,10/10/2013,2014
235,Petersham,15.93,0,15.93,15.93,15.93,11/13/2013,2014
236,Phillipston,16.29,0,16.29,16.29,16.29,12/16/2013,2014
237,Pittsfield,17.15,17.15,35.17,35.17,35.17,11/27/2013,2014
238,Plainfield,17.88,0,17.88,17.88,17.88,12/5/2013,2014
239,Plainville,14.96,0,16.02,16.02,16.02,11/26/2013,2014
240,Plymouth,15.13,0,15.13,15.13,15.13,12/18/2013,2014
241,Plympton,16.97,0,16.97,16.97,16.97,10/3/2013,2014
242,Princeton,17.24,0,17.24,17.24,17.24,11/22/2013,2014
243,Provincetown,7.25,0,7.25,7.25,7.25,12/10/2013,2014
244,Quincy,14.86,0,31.23,31.23,31.23,12/18/2013,2014
245,Randolph,18.17,0,32.11,32.11,32.11,12/18/2013,2014
246,Raynham,15.42,0,21.63,21.63,21.63,12/13/2013,2014
247,Reading,14.74,0,14.74,14.74,14.74,12/18/2013,2014
248,Rehoboth,12.44,0,12.44,12.44,12.44,12/4/2013,2014
249,Revere,15.55,0,31.55,31.55,31.55,12/9/2013,2014
250,Richmond,10.29,0,10.29,10.29,10.29,12/5/2013,2014
251,Rochester,13.85,0,13.85,13.85,13.85,11/8/2013,2014
252,Rockland,18.34,0,18.34,18.34,18.34,12/5/2013,2014
253,Rockport,11.27,0,11.27,11.27,11.27,12/10/2013,2014
254,Rowe,6.07,0,13.38,13.38,13.38,11/13/2013,2014
255,Rowley,14.74,14.74,14.74,14.74,14.74,12/10/2013,2014
256,Royalston,12.29,0,12.29,12.29,12.29,3/26/2014,2014
257,Russell,19.68,0,22.94,22.94,22.94,2/24/2014,2014
258,Rutland,17.11,0,17.11,17.11,17.11,12/18/2013,2014
259,Salem,16.73,0,32.05,32.05,32.05,12/17/2013,2014
260,Salisbury,11.79,0,11.79,11.79,11.79,12/19/2013,2014
261,Sandisfield,12.7,0,12.7,12.7,12.7,10/1/2013,2014
262,Sandwich,14.57,0,14.57,14.57,14.57,12/12/2013,2014
263,Saugus,11.61,0,25.62,25.62,25.62,11/25/2013,2014
264,Savoy,15.96,0,15.96,15.96,15.96,12/18/2013,2014
265,Scituate,13.05,0,13.05,13.05,13.05,11/21/2013,2014
266,Seekonk,13.33,0,26.52,26.52,26.44,12/5/2013,2014
267,Sharon,20.55,0,20.55,20.55,20.55,12/11/2013,2014
268,Sheffield,13.74,0,13.74,13.74,13.74,12/17/2013,2014
269,Shelburne,13.62,0,13.62,13.62,13.62,12/18/2013,2014
270,Sherborn,20.34,0,20.34,20.34,20.34,9/16/2013,2014
271,Shirley,16.75,0,16.75,16.75,16.75,11/22/2013,2014
272,Shrewsbury,12.17,0,12.17,12.17,12.17,12/11/2013,2014
273,Shutesbury,20.6,0,20.6,20.6,20.6,12/3/2013,2014
274,Somerset,16.6,0,28,28,27.75,5/23/2014,2014
275,Somerville,12.66,0,21.51,21.51,21.51,12/17/2013,2014
276,South Hadley,16.41,16.41,16.41,16.41,16.41,12/11/2013,2014
277,Southampton,15.2,0,15.2,15.2,15.2,12/19/2013,2014
278,Southborough,16.18,0,16.18,16.18,16.18,11/7/2013,2014
279,Southbridge,19.64,0,19.64,19.64,19.64,12/6/2013,2014
280,Southfield Redevelopment Authority,13.47,13.47,30.73,0,30.73,12/2/2013,2014
281,Southwick,17.06,0,17.06,17.06,17.06,10/21/2013,2014
282,Spencer,13.15,0,13.15,13.15,13.15,12/10/2013,2014
283,Springfield,19.71,0,39.04,39.04,39.04,12/6/2013,2014
284,Sterling,16.93,0,16.93,16.93,16.93,11/26/2013,2014
285,Stockbridge,8.76,0,8.76,8.76,8.76,11/7/2013,2014
286,Stoneham,13.49,0,22,22,22,11/21/2013,2014
287,Stoughton,15.74,0,26.09,26.09,26.09,11/8/2013,2014
288,Stow,19.17,0,19.17,19.17,19.17,11/14/2013,2014
289,Sturbridge,19.2,19.2,21.65,21.65,21.65,9/18/2013,2014
290,Sudbury,18.03,0,24.94,24.94,24.94,12/2/2013,2014
291,Sunderland,13.98,0,13.98,13.98,13.98,1/6/2014,2014
292,Sutton,16.88,0,16.88,16.88,16.88,10/31/2013,2014
293,Swampscott,18.7,0,34.79,34.79,34.79,12/12/2013,2014
294,Swansea,12.84,0,23.44,23.44,23.44,12/19/2013,2014
295,Taunton,14.61,0,31.19,31.19,31.19,11/25/2013,2014
296,Templeton,16.24,0,16.24,16.24,16.24,5/19/2014,2014
297,Tewksbury,16.11,0,26.64,26.64,26.64,12/20/2013,2014
298,Tisbury,8.39,0,7.85,7.85,7.85,12/4/2013,2014
299,Tolland,7.24,0,7.24,7.24,7.24,11/12/2013,2014
300,Topsfield,16.16,0,16.16,16.16,16.16,11/20/2013,2014
301,Townsend,19.57,0,19.57,19.57,19.57,12/9/2013,2014
302,Truro,6.43,0,6.43,6.43,6.43,9/16/2013,2014
303,Tyngsborough,16.78,0,16.78,16.78,16.78,11/26/2013,2014
304,Tyringham,6.58,0,6.58,6.58,6.58,10/31/2013,2014
305,Upton,16.95,0,16.95,16.95,16.95,12/17/2013,2014
306,Uxbridge,17.31,0,17.31,17.31,17.31,12/16/2013,2014
307,Wakefield,12.78,0,26.07,26.07,26.07,12/10/2013,2014
308,Wales,17.41,0,17.41,17.41,17.41,11/20/2013,2014
309,Walpole,15.76,0,21.04,21.04,21.04,12/18/2013,2014
310,Waltham,13.43,0,31.97,31.97,31.97,11/27/2013,2014
311,Ware,18.31,0,18.31,18.31,18.31,12/3/2013,2014
312,Wareham,10.77,0,10.77,10.77,10.77,12/18/2013,2014
313,Warren,19.1,0,19.1,19.1,19.1,11/21/2013,2014
314,Warwick,18.33,0,18.33,0,18.33,12/5/2013,2014
315,Washington,13.43,0,13.43,13.43,13.43,9/16/2013,2014
316,Watertown,14.96,0,27.96,27.96,27.96,12/3/2013,2014
317,Wayland,18.33,0,18.33,18.33,18.33,12/23/2013,2014
318,Webster,13.29,0,19.4,19.4,19.4,12/11/2013,2014
319,Wellesley,11.54,0,11.54,11.54,11.54,12/18/2013,2014
320,Wellfleet,6.7,0,6.7,6.7,6.7,10/28/2013,2014
321,Wendell,19.18,0,19.18,19.18,19.18,12/23/2013,2014
322,Wenham,18.88,0,18.88,18.88,18.88,11/25/2013,2014
323,West Boylston,17.66,0,17.66,17.66,17.66,12/5/2013,2014
324,West Bridgewater,16.49,0,26.57,26.57,26.57,12/5/2013,2014
325,West Brookfield,14.19,0,14.19,14.19,14.19,12/6/2013,2014
326,West Newbury,15.8,0,15.8,15.8,15.8,12/4/2013,2014
327,West Springfield,16.41,0,31.99,31.99,31.99,12/18/2013,2014
328,West Stockbridge,11.12,0,11.12,11.12,11.12,12/5/2013,2014
329,West Tisbury,5.41,0,5.41,5.41,5.41,12/10/2013,2014
330,Westborough,19.29,0,19.29,19.29,19.29,12/2/2013,2014
331,Westfield,18.18,0,33.84,33.84,33.84,12/13/2013,2014
332,Westford,16.6,0,16.83,16.83,16.6,12/13/2013,2014
333,Westhampton,17.67,0,17.67,17.67,17.67,11/18/2013,2014
334,Westminster,18.98,0,18.98,18.98,18.98,12/10/2013,2014
335,Weston,12.73,0,12.73,12.73,12.73,12/11/2013,2014
336,Westport,7.7,0,7.7,7.7,7.7,12/18/2013,2014
337,Westwood,15.4,0,28.18,28.18,28.18,11/22/2013,2014
338,Weymouth,13.3,0,21.7,21.7,21.7,12/11/2013,2014
339,Whately,15.77,15.77,15.77,15.77,15.77,12/12/2013,2014
340,Whitman,15.81,0,15.81,15.81,15.81,12/2/2013,2014
341,Wilbraham,20.44,0,20.44,20.44,20.44,11/20/2013,2014
342,Williamsburg,17.37,0,17.37,17.37,17.37,11/20/2013,2014
343,Williamstown,15.28,0,15.28,15.28,15.28,9/10/2013,2014
344,Wilmington,14.24,0,33.04,33.04,33.04,12/2/2013,2014
345,Winchendon,15.96,0,15.96,15.96,15.96,12/31/2013,2014
346,Winchester,12.66,0,11.91,11.91,11.91,12/5/2013,2014
347,Windsor,13.16,0,13.16,13.16,13.16,9/10/2013,2014
348,Winthrop,15.58,15.58,15.58,15.58,15.58,12/18/2013,2014
349,Woburn,10.44,0,27.41,27.41,27.41,12/12/2013,2014
350,Worcester,19.54,0,30.83,30.83,30.83,12/18/2013,2014
351,Worthington,14,0,14,14,14,12/10/2013,2014
352,Wrentham,15.31,0,18.55,18.55,18.5,12/5/2013,2014
353,Yarmouth,10.19,0,10.19,10.19,10.19,10/3/2013,2014
1,Abington,16.55,0,16.55,16.55,16.55,12/3/2012,2013
2,Acton,19.1,0,19.1,19.1,19.1,12/19/2012,2013
3,Acushnet,13.17,0,16.84,16.84,16.84,10/31/2012,2013
4,Adams,18.25,0,21.67,21.67,21.67,11/14/2012,2013
5,Agawam,15.6,0,27.79,27.79,27.79,12/6/2012,2013
6,Alford,4.35,0,4.35,4.35,4.35,9/24/2012,2013
7,Amesbury,20.24,0,20.24,20.24,20.24,12/14/2012,2013
8,Amherst,20.39,0,20.39,20.39,20.39,12/10/2012,2013
9,Andover,14.51,14.51,24.26,24.26,24.26,11/26/2012,2013
10,Aquinnah,4.32,0,4.32,0,4.32,12/17/2012,2013
11,Arlington,13.61,0,13.61,13.61,13.61,12/6/2012,2013
12,Ashburnham,18.85,0,18.85,18.85,18.85,12/13/2012,2013
13,Ashby,17.47,0,17.47,17.47,17.47,11/20/2012,2013
14,Ashfield,15.09,0,15.09,15.09,15.09,12/21/2012,2013
15,Ashland,17.14,17.14,17.14,17.14,17.14,12/7/2012,2013
16,Athol,15.48,0,15.48,15.48,15.48,1/25/2013,2013
17,Attleboro,13.88,0,20.46,20.46,20.46,11/29/2012,2013
18,Auburn,16.7,0,23.43,23.43,23.33,11/29/2012,2013
19,Avon,14.65,0,30.42,30.42,30.39,11/15/2012,2013
20,Ayer,13.63,0,27.99,27.99,27.99,12/10/2012,2013
21,Barnstable,8.76,0,7.89,7.89,7.89,12/7/2012,2013
22,Barre,15.34,0,15.34,15.34,15.34,12/17/2012,2013
23,Becket,9.62,0,9.62,9.62,9.62,12/5/2012,2013
24,Bedford,15.37,11.55,33.8,33.8,33.8,11/29/2012,2013
25,Belchertown,17.11,0,17.11,17.11,17.11,12/4/2012,2013
26,Bellingham,14.44,0,17.72,17.72,17.55,12/12/2012,2013
27,Belmont,13.33,0,13.33,13.33,13.33,12/19/2012,2013
28,Berkley,11.68,0,11.68,11.68,11.68,4/8/2013,2013
29,Berlin,15.38,15.38,21.06,21.06,20.75,9/26/2012,2013
30,Bernardston,16.85,0,16.85,16.85,16.85,11/15/2012,2013
31,Beverly,13.64,13.64,24.86,24.86,24.86,12/19/2012,2013
32,Billerica,14.31,0,32.89,32.89,32.89,12/7/2012,2013
33,Blackstone,17.99,0,17.99,17.99,17.99,12/12/2012,2013
34,Blandford,14.69,0,14.69,14.69,14.69,12/21/2012,2013
35,Bolton,20.96,0,20.96,20.96,20.96,12/4/2012,2013
36,Boston,13.14,0,31.96,31.96,31.96,12/19/2012,2013
37,Bourne,9.45,0,9.45,9.45,9.45,11/19/2012,2013
38,Boxborough,17.69,0,17.69,17.69,17.69,12/4/2012,2013
39,Boxford,14.88,0,14.88,14.88,14.88,12/6/2012,2013
40,Boylston,17.2,0,17.2,17.2,17.2,12/13/2012,2013
41,Braintree,11.11,0,25.44,25.44,25.31,12/10/2012,2013
42,Brewster,7.92,0,7.92,7.92,7.92,9/19/2012,2013
43,Bridgewater,15.83,0,15.83,15.83,15.83,12/6/2012,2013
44,Brimfield,14.84,0,14.84,14.84,14.84,12/27/2012,2013
45,Brockton,16.88,0,31.91,31.91,31.91,12/10/2012,2013
46,Brookfield,17.42,0,17.42,17.42,17.42,12/18/2012,2013
47,Brookline,11.65,0,18.97,18.97,18.97,12/11/2012,2013
48,Buckland,14.88,0,14.88,14.88,14.88,11/15/2012,2013
49,Burlington,11.85,0,31.7,31.7,31.7,11/27/2012,2013
50,Cambridge,8.66,0,21.5,21.5,21.5,10/3/2012,2013
51,Canton,12.3,0,24.99,24.99,24.99,11/15/2012,2013
52,Carlisle,17.68,0,17.68,17.68,17.68,12/5/2012,2013
53,Carver,16.34,0,22.7,22.7,22.7,12/19/2012,2013
54,Charlemont,17.09,0,17.09,17.09,17.09,12/4/2012,2013
55,Charlton,12.3,0,12.3,12.3,12.3,11/9/2012,2013
56,Chatham,5.03,0,5.03,5.03,5.03,4/18/2013,2013
57,Chelmsford,17.95,0,17.95,17.95,17.95,11/27/2012,2013
58,Chelsea,14.13,0,34.2,34.2,34.2,12/17/2012,2013
59,Cheshire,10.62,0,10.62,10.62,10.62,11/15/2012,2013
60,Chester,20.28,0,20.28,20.28,20.28,12/11/2012,2013
61,Chesterfield,17.99,0,17.99,17.99,17.99,12/18/2012,2013
62,Chicopee,15.74,0,31.4,31.4,31.4,10/31/2012,2013
63,Chilmark,2.29,0,2.29,2.29,2.29,11/7/2012,2013
64,Clarksburg,13.04,0,13.04,13.04,13.04,12/21/2012,2013
65,Clinton,15.59,0,29.18,29.18,29.18,12/10/2012,2013
66,Cohasset,12.2,0,12.2,12.2,12.2,12/12/2012,2013
67,Colrain,16.34,0,16.34,16.34,16.34,9/11/2012,2013
68,Concord,14.07,0,14.07,14.07,14.07,11/27/2012,2013
69,Conway,13.7,0,13.7,13.7,13.7,9/27/2012,2013
70,Cummington,12.34,0,12.34,12.34,12.34,10/22/2012,2013
71,Dalton,18.12,0,18.12,18.12,18.12,12/12/2012,2013
72,Danvers,14.54,0,20.23,20.23,20.23,11/29/2012,2013
73,Dartmouth,9.35,0,14.29,14.29,14.23,11/20/2012,2013
74,Dedham,15.79,0,34.37,34.37,34.37,12/10/2012,2013
75,Deerfield,13.44,0,13.44,13.44,13.44,11/9/2012,2013
76,Dennis,6.09,6.09,6.09,6.09,6.09,11/30/2012,2013
77,Devens,16,0,20.21,20.21,0,12/20/2012,2013
78,Dighton,14,0,26.29,26.29,26.29,12/20/2012,2013
79,Douglas,15.95,0,15.95,15.95,15.95,11/20/2012,2013
80,Dover,12.8,0,12.8,12.8,12.8,12/7/2012,2013
81,Dracut,13.79,0,13.79,13.79,13.79,11/21/2012,2013
82,Dudley,11.56,0,11.56,11.56,11.56,11/27/2012,2013
83,Dunstable,15.53,0,15.53,15.53,15.53,12/4/2012,2013
84,Duxbury,14.19,0,14.19,14.19,14.19,12/12/2012,2013
85,East Bridgewater,15.9,0,15.9,15.9,15.9,11/27/2012,2013
86,East Brookfield,14.55,0,14.55,14.55,14.55,10/3/2012,2013
87,East Longmeadow,18.62,0,18.62,18.62,18.62,11/20/2012,2013
88,Eastham,6.53,0,6.53,6.53,6.53,9/5/2012,2013
89,Easthampton,14.51,0,14.51,14.51,14.51,11/14/2012,2013
90,Easton,15.8,0,15.8,15.8,15.8,12/4/2012,2013
91,Edgartown,3.55,0,3.55,3.55,3.55,12/10/2012,2013
92,Egremont,7.89,0,7.89,7.89,7.89,12/12/2012,2013
93,Erving,8.09,8.09,13.44,13.44,13.44,12/6/2012,2013
94,Essex,15.15,0,15.15,15.15,15.15,11/29/2012,2013
95,Everett,15.64,0,43.04,43.04,43.04,12/18/2012,2013
96,Fairhaven,10.77,0,21.58,21.58,21.58,11/15/2012,2013
97,Fall River,11.93,0,25.43,25.43,25.43,12/13/2012,2013
98,Falmouth,8.04,8.04,8.04,8.04,8.04,11/20/2012,2013
99,Fitchburg,19.05,0,25.26,25.26,25.26,11/27/2012,2013
100,Florida,8.74,0,26.06,26.06,26.06,12/4/2012,2013
101,Foxborough,14.54,0,15.13,15.13,15.13,11/14/2012,2013
102,Framingham,17.84,0,39.98,39.98,39.98,12/19/2012,2013
103,Franklin,14.34,0,14.34,14.34,14.34,11/29/2012,2013
104,Freetown,12.76,0,20.57,20.57,20.57,12/12/2012,2013
105,Gardner,17.46,0,17.46,17.46,17.46,12/7/2012,2013
106,Georgetown,13.55,0,13.55,13.55,13.55,11/19/2012,2013
107,Gill,15.34,0,15.34,15.34,15.34,11/27/2012,2013
108,Gloucester,12.62,0,13.48,13.48,13.48,11/16/2012,2013
109,Goshen,13.74,0,13.74,13.74,13.74,11/8/2012,2013
110,Gosnold,2.25,0,2.25,2.25,2.25,4/29/2013,2013
111,Grafton,15.55,0,15.55,15.55,15.55,11/14/2012,2013
112,Granby,16.34,0,16.34,16.34,16.34,12/18/2012,2013
113,Granville,12.1,0,12.1,12.1,12.1,11/30/2012,2013
114,Great Barrington,13.14,0,13.14,13.14,13.14,8/29/2012,2013
115,Greenfield,20.72,0,20.72,20.72,20.72,12/12/2012,2013
116,Groton,16.85,0,16.85,16.85,16.85,11/30/2012,2013
117,Groveland,14.48,0,14.48,14.48,14.48,12/14/2012,2013
118,Hadley,10.44,0,10.44,10.44,10.44,11/16/2012,2013
119,Halifax,17.99,0,17.99,17.99,17.99,9/13/2012,2013
120,Hamilton,17.17,0,17.17,17.17,17.17,12/7/2012,2013
121,Hampden,17.45,0,17.45,17.45,17.45,11/29/2012,2013
122,Hancock,2.84,0,2.84,2.84,2.84,11/27/2012,2013
123,Hanover,15.55,0,16.5,16.5,16.5,11/29/2012,2013
124,Hanson,14.32,0,14.32,14.32,14.32,11/21/2012,2013
125,Hardwick,13.94,0,13.94,13.94,13.94,11/20/2012,2013
126,Harvard,16.68,0,16.68,16.68,16.68,12/4/2012,2013
127,Harwich,8.58,0,8.58,8.58,8.58,12/12/2012,2013
128,Hatfield,12.3,0,12.3,12.3,12.3,11/6/2012,2013
129,Haverhill,15.65,0,26.24,26.24,26.24,12/18/2012,2013
130,Hawley,15.95,0,15.95,0,15.95,12/4/2012,2013
131,Heath,20.04,0,20.04,20.04,20.04,12/19/2012,2013
132,Hingham,12.32,0,12.32,12.32,12.32,12/19/2012,2013
133,Hinsdale,12.22,0,12.22,12.22,12.22,12/10/2012,2013
134,Holbrook,18.11,0,34.96,34.96,34.96,12/12/2012,2013
135,Holden,17.37,0,17.37,17.37,17.37,11/14/2012,2013
136,Holland,15.61,0,15.61,15.61,15.61,10/2/2012,2013
137,Holliston,18.62,0,18.62,18.62,18.62,12/17/2012,2013
138,Holyoke,18.35,0,39.97,39.97,39.97,12/10/2012,2013
139,Hopedale,15.51,0,24.94,24.94,24.94,11/20/2012,2013
140,Hopkinton,17.32,17.32,17.32,17.32,17.32,11/27/2012,2013
141,Hubbardston,13.64,0,13.64,13.64,13.64,12/19/2012,2013
142,Hudson,16.38,0,32.9,32.9,32.9,12/18/2012,2013
143,Hull,13.47,0,13.47,0,13.47,11/14/2012,2013
144,Huntington,16.37,0,16.37,16.37,16.37,12/20/2012,2013
145,Ipswich,13.3,0,13.3,13.3,13.3,12/3/2012,2013
146,Kingston,16.41,0,16.41,16.41,16.41,12/19/2012,2013
147,Lakeville,12.52,0,12.52,12.52,12.52,12/12/2012,2013
148,Lancaster,19.08,0,19.08,19.08,19.08,12/4/2012,2013
149,Lanesborough,18.07,0,18.07,18.07,18.07,12/11/2012,2013
150,Lawrence,15.08,0,33.41,33.41,33.41,12/10/2012,2013
151,Lee,14.09,0,14.09,14.09,14.09,10/26/2012,2013
152,Leicester,13.62,0,13.62,13.62,13.62,11/8/2012,2013
153,Lenox,11.58,0,14.33,14.33,14.33,12/7/2012,2013
154,Leominster,17.96,17.96,17.96,17.96,17.96,12/19/2012,2013
155,Leverett,18.66,0,18.66,18.66,18.66,11/2/2012,2013
156,Lexington,15.2,0,28.97,28.97,28.97,12/6/2012,2013
157,Leyden,16.29,0,16.29,16.29,16.29,11/30/2012,2013
158,Lincoln,14.23,0,18.72,18.72,18.72,10/21/2012,2013
159,Littleton,16.98,0,27.23,27.23,27.23,12/5/2012,2013
160,Longmeadow,21.54,0,21.54,21.54,21.54,12/4/2012,2013
161,Lowell,15.01,0,31.32,31.32,31.32,12/10/2012,2013
162,Ludlow,17.17,0,17.17,17.17,17.17,12/12/2012,2013
163,Lunenburg,17.3,0,17.3,17.3,17.3,12/21/2012,2013
164,Lynn,16.93,0,34.55,34.55,34.55,12/17/2012,2013
165,Lynnfield,14.82,0,16.29,16.29,16.29,12/10/2012,2013
166,Malden,15.88,0,25.42,25.42,25.42,11/27/2012,2013
167,Manchester By The Sea,10.51,0,10.51,10.51,10.51,12/3/2012,2013
168,Mansfield,14.89,0,19.33,19.33,19.33,12/4/2012,2013
169,Marblehead,10.85,0,10.85,10.85,10.85,11/27/2012,2013
170,Marion,10.36,0,10.36,10.36,10.36,11/28/2012,2013
171,Marlborough,15,0,28.46,28.46,28.46,12/18/2012,2013
172,Marshfield,12.21,0,12.21,12.21,12.21,12/13/2012,2013
173,Mashpee,9.09,9.09,9.09,9.09,9.09,11/28/2012,2013
174,Mattapoisett,12.28,0,12.28,12.28,12.28,12/13/2012,2013
175,Maynard,20.05,0,29.55,29.55,29.55,12/19/2012,2013
176,Medfield,15.73,0,15.73,15.73,15.73,12/6/2012,2013
177,Medford,12.36,0,24.39,24.39,24.39,12/19/2012,2013
178,Medway,18.56,0,18.56,18.56,18.56,11/20/2012,2013
179,Melrose,13.03,0,19.9,19.9,19.9,12/13/2012,2013
180,Mendon,15.22,0,15.22,15.22,15.22,11/27/2012,2013
181,Merrimac,15.45,0,15.45,15.45,15.45,12/3/2012,2013
182,Methuen,14.4,0,24.12,24.12,24.12,12/18/2012,2013
183,Middleborough,14.89,0,15.84,15.84,15.84,10/31/2012,2013
184,Middlefield,16.14,0,16.14,16.14,16.14,11/27/2012,2013
185,Middleton,13.59,0,13.59,13.59,13.59,12/6/2012,2013
186,Milford,16.95,0,29.21,29.21,29.21,11/20/2012,2013
187,Millbury,16.48,0,16.48,16.48,16.48,11/14/2012,2013
188,Millis,16.34,0,16.34,16.34,16.34,12/4/2012,2013
189,Millville,15.11,0,15.11,15.11,15.11,12/14/2012,2013
190,Milton,14.7,0,22.54,22.54,22.54,12/3/2012,2013
191,Monroe,13.38,0,32.19,32.19,32.19,1/28/2013,2013
192,Monson,15.12,0,15.12,15.12,15.12,12/5/2012,2013
193,Montague,17.04,0,25.51,25.51,25.51,11/8/2012,2013
194,Monterey,5.59,0,5.59,5.59,5.59,12/4/2012,2013
195,Montgomery,14.01,0,14.01,14.01,14.01,12/24/2012,2013
196,Mount Washington,5.84,0,5.84,5.84,5.84,11/15/2012,2013
197,Nahant,10.74,0,10.74,10.74,10.74,9/19/2012,2013
198,Nantucket,3.67,3.51,6.51,6.51,6.51,4/29/2013,2013
199,Natick,14.34,0,14.34,14.34,14.34,12/12/2012,2013
200,Needham,11.3,0,22.18,22.18,22.18,12/17/2012,2013
201,New Ashford,9.16,9.16,12.98,12.98,12.8,11/9/2012,2013
202,New Bedford,14.33,0,29.54,29.54,29.54,12/5/2012,2013
203,New Braintree,15.93,0,15.93,15.93,15.93,12/18/2012,2013
204,New Marlborough,8.97,0,8.97,8.97,8.97,12/4/2012,2013
205,New Salem,15.4,15.4,18.74,18.74,18.74,12/12/2012,2013
206,Newbury,11.4,0,11.4,11.4,11.4,12/12/2012,2013
207,Newburyport,13.32,13.32,13.32,13.32,13.32,12/4/2012,2013
208,Newton,11.49,0,21.93,21.93,21.93,12/5/2012,2013
209,Norfolk,17.1,17.1,17.1,17.1,17.1,12/12/2012,2013
210,North Adams,15.3,0,32.95,32.95,32.95,12/19/2012,2013
211,North Andover,13.72,0,18.85,18.85,18.85,12/13/2012,2013
212,North Attleborough,12.78,0,12.78,12.78,12.78,12/4/2012,2013
213,North Brookfield,14.75,0,14.75,14.75,14.75,11/27/2012,2013
214,North Reading,16.04,0,16.04,16.04,16.04,11/27/2012,2013
215,Northampton,14.26,0,14.26,14.26,14.26,12/18/2012,2013
216,Northborough,16.11,0,16.11,16.11,16.11,12/18/2012,2013
217,Northbridge,12.35,0,12.35,12.35,12.35,12/18/2012,2013
218,Northfield,15.04,0,15.04,15.04,15.04,1/24/2013,2013
219,Norton,14.92,0,14.92,14.92,14.92,12/3/2012,2013
220,Norwell,16.1,0,16.1,16.1,16.1,11/30/2012,2013
221,Norwood,11.04,0,21.17,21.17,21.17,12/12/2012,2013
222,Oak Bluffs,7.71,7.71,7.71,7.71,7.71,12/7/2012,2013
223,Oakham,12.38,0,12.38,12.38,12.38,12/18/2012,2013
224,Orange,18.8,0,18.8,18.8,18.8,12/21/2012,2013
225,Orleans,6.1,0,6.1,6.1,6.1,10/22/2012,2013
226,Otis,7.17,0,7.17,7.17,7.17,5/16/2013,2013
227,Oxford,14.45,0,14.45,14.45,14.45,4/24/2013,2013
228,Palmer,16.69,0,16.69,16.69,16.69,12/4/2012,2013
229,Paxton,19.22,0,19.22,19.22,19.22,11/8/2012,2013
230,Peabody,11.98,0,23.57,23.57,23.57,12/13/2012,2013
231,Pelham,20.03,0,20.03,20.03,20.03,12/13/2012,2013
232,Pembroke,14.2,0,14.2,14.2,14.2,12/12/2012,2013
233,Pepperell,14.78,0,14.78,14.78,14.78,12/13/2012,2013
234,Peru,16.3,0,16.3,16.3,16.3,9/18/2012,2013
235,Petersham,16.18,0,16.18,16.18,16.18,11/15/2012,2013
236,Phillipston,15.56,0,15.56,15.56,15.56,12/11/2012,2013
237,Pittsfield,16.7,16.7,34.47,34.47,34.47,11/29/2012,2013
238,Plainfield,18.56,0,18.56,18.56,18.56,2/13/2013,2013
239,Plainville,14.47,0,15.48,15.48,15.48,2/19/2013,2013
240,Plymouth,14.43,0,14.43,14.43,14.43,12/19/2012,2013
241,Plympton,16.48,0,16.48,16.48,16.48,9/25/2012,2013
242,Princeton,17.5,0,17.5,17.5,17.5,11/29/2012,2013
243,Provincetown,7.34,0,7.34,7.34,7.34,1/17/2013,2013
244,Quincy,14.5,0,30.61,30.61,30.61,12/7/2012,2013
245,Randolph,17.35,0,30.73,30.73,30.73,12/24/2012,2013
246,Raynham,14.66,0,20.59,20.59,20.59,12/13/2012,2013
247,Reading,14.94,0,14.94,14.94,14.94,11/29/2012,2013
248,Rehoboth,11.75,0,11.75,11.75,11.75,12/13/2012,2013
249,Revere,15.56,0,31.56,31.56,31.56,12/18/2012,2013
250,Richmond,9.95,0,9.95,9.95,9.95,12/12/2012,2013
251,Rochester,13.28,0,13.28,13.28,13.28,11/5/2012,2013
252,Rockland,17.58,0,17.58,17.58,17.58,12/19/2012,2013
253,Rockport,11.12,0,11.12,11.12,11.12,10/19/2012,2013
254,Rowe,6.3,0,14.08,14.08,14.08,12/12/2012,2013
255,Rowley,14.5,14.5,14.5,14.5,14.5,12/11/2012,2013
256,Royalston,9.3,0,9.3,9.3,9.3,3/4/2013,2013
257,Russell,19.68,0,22.98,22.98,22.98,4/8/2013,2013
258,Rutland,16.66,0,16.66,16.66,16.66,12/11/2012,2013
259,Salem,16.38,0,31.46,31.46,31.46,12/13/2012,2013
260,Salisbury,11.51,0,11.51,11.51,11.51,12/13/2012,2013
261,Sandisfield,12.6,0,12.6,12.6,12.6,10/11/2012,2013
262,Sandwich,13.72,0,13.72,13.72,13.72,12/10/2012,2013
263,Saugus,11.28,0,24.9,24.9,24.9,12/3/2012,2013
264,Savoy,16.81,0,16.81,16.81,16.81,3/7/2013,2013
265,Scituate,12.72,0,12.72,12.72,12.72,11/28/2012,2013
266,Seekonk,12.75,0,25.55,25.55,25.47,12/17/2012,2013
267,Sharon,20.45,0,20.45,20.45,20.45,12/12/2012,2013
268,Sheffield,13.34,0,13.34,13.34,13.34,11/21/2012,2013
269,Shelburne,12.99,0,12.99,12.99,12.99,10/26/2012,2013
270,Sherborn,19.72,0,19.72,19.72,19.72,9/13/2012,2013
271,Shirley,15.65,0,15.65,15.65,15.65,11/27/2012,2013
272,Shrewsbury,11.67,0,11.67,11.67,11.67,12/18/2012,2013
273,Shutesbury,20.27,0,20.27,20.27,20.27,12/4/2012,2013
274,Somerset,15.04,0,30.11,30.11,29.97,12/19/2012,2013
275,Somerville,13.42,0,22.38,22.38,22.38,12/13/2012,2013
276,South Hadley,14.91,14.91,14.91,14.91,14.91,11/30/2012,2013
277,Southampton,14.44,0,14.44,14.44,14.44,12/27/2012,2013
278,Southborough,16.54,0,16.54,16.54,16.54,11/21/2012,2013
279,Southbridge,18.47,0,18.47,18.47,18.47,12/5/2012,2013
280,Southfield Redevelopment Authority,13.26,13.26,26.35,0,26.35,12/20/2012,2013
281,Southwick,15.48,0,15.48,15.48,15.48,11/30/2012,2013
282,Spencer,12.77,0,12.77,12.77,12.77,11/13/2012,2013
283,Springfield,19.71,0,38.98,38.98,38.98,12/5/2012,2013
284,Sterling,16.35,0,16.35,16.35,16.35,12/18/2012,2013
285,Stockbridge,8.32,0,8.32,8.32,8.32,11/8/2012,2013
286,Stoneham,13.06,0,21,21,21,11/14/2012,2013
287,Stoughton,15.07,0,26.2,26.2,26.2,11/1/2012,2013
288,Stow,18.37,0,18.37,18.37,18.37,11/14/2012,2013
289,Sturbridge,17.95,17.95,21.38,21.38,21.38,9/13/2012,2013
290,Sudbury,17.99,0,23.52,23.52,23.52,12/17/2012,2013
291,Sunderland,13.43,0,13.43,13.43,13.43,11/27/2012,2013
292,Sutton,15.57,0,15.57,15.57,15.57,11/6/2012,2013
293,Swampscott,18.84,0,35.02,35.02,35.02,12/14/2012,2013
294,Swansea,12.02,0,23.05,23.05,23.05,12/19/2012,2013
295,Taunton,13.77,0,30.58,30.58,30.58,12/4/2012,2013
296,Templeton,14.12,0,14.12,14.12,14.12,3/25/2013,2013
297,Tewksbury,15.44,0,25.6,25.6,25.6,12/21/2012,2013
298,Tisbury,8.48,0,7.87,7.87,7.87,11/21/2012,2013
299,Tolland,6.74,0,6.74,6.74,6.74,12/11/2012,2013
300,Topsfield,15.95,0,15.95,15.95,15.95,12/6/2012,2013
301,Townsend,18.26,0,18.26,18.26,18.26,12/5/2012,2013
302,Truro,6.02,0,6.02,6.02,6.02,9/26/2012,2013
303,Tyngsborough,16.19,0,16.19,16.19,16.19,12/6/2012,2013
304,Tyringham,6,0,6,0,6,11/5/2012,2013
305,Upton,16.72,0,16.72,16.72,16.72,11/27/2012,2013
306,Uxbridge,16.28,0,16.28,16.28,16.28,11/29/2012,2013
307,Wakefield,12.29,0,24.97,24.97,24.97,11/29/2012,2013
308,Wales,17.07,0,17.07,17.07,17.07,10/26/2012,2013
309,Walpole,15.4,0,20.08,20.08,20.08,11/29/2012,2013
310,Waltham,13.49,0,31.77,31.77,31.77,11/29/2012,2013
311,Ware,16.94,0,16.94,16.94,16.94,11/30/2012,2013
312,Wareham,10.47,0,10.47,10.47,10.47,12/18/2012,2013
313,Warren,17.94,0,17.94,17.94,17.94,11/20/2012,2013
314,Warwick,17.43,0,17.43,0,17.43,12/21/2012,2013
315,Washington,12.91,0,12.91,12.91,12.91,9/18/2012,2013
316,Watertown,14.68,0,27.15,27.15,27.15,11/30/2012,2013
317,Wayland,17.89,0,17.89,17.89,17.89,12/11/2012,2013
318,Webster,12.47,0,19.26,19.26,19.26,12/10/2012,2013
319,Wellesley,11.7,0,11.7,11.7,11.7,12/12/2012,2013
320,Wellfleet,6.41,0,6.41,6.41,6.41,9/26/2012,2013
321,Wendell,17.71,0,17.71,17.71,17.71,1/8/2013,2013
322,Wenham,18.48,0,18.48,18.48,18.48,12/13/2012,2013
323,West Boylston,17.45,0,17.45,17.45,17.45,12/6/2012,2013
324,West Bridgewater,16.09,0,25.85,25.85,25.85,11/30/2012,2013
325,West Brookfield,13.22,0,13.22,13.22,13.22,12/4/2012,2013
326,West Newbury,15.75,0,15.75,15.75,15.75,12/11/2012,2013
327,West Springfield,16.44,0,32.86,32.86,32.86,12/13/2012,2013
328,West Stockbridge,11.44,0,11.44,11.44,11.44,12/7/2012,2013
329,West Tisbury,5.26,0,5.26,5.26,5.26,12/13/2012,2013
330,Westborough,18.97,0,18.97,18.97,18.97,11/29/2012,2013
331,Westfield,16.72,0,31.09,31.09,31.09,12/13/2012,2013
332,Westford,16.13,0,16.38,16.38,16.13,11/20/2012,2013
333,Westhampton,17.15,0,17.15,17.15,17.15,11/30/2012,2013
334,Westminster,18.36,0,18.36,18.36,18.36,12/4/2012,2013
335,Weston,12.4,0,12.4,12.4,12.4,12/11/2012,2013
336,Westport,7.39,0,7.39,7.39,7.39,4/29/2013,2013
337,Westwood,14.89,0,27.28,27.28,27.28,10/23/2012,2013
338,Weymouth,12.93,0,21.14,21.14,21.14,12/6/2012,2013
339,Whately,15.4,15.4,15.4,15.4,15.4,12/5/2012,2013
340,Whitman,15.79,0,15.79,15.79,15.79,11/29/2012,2013
341,Wilbraham,19.66,0,19.66,19.66,19.66,11/16/2012,2013
342,Williamsburg,16.84,0,16.84,16.84,16.84,12/13/2012,2013
343,Williamstown,14.37,0,14.37,14.37,14.37,9/25/2012,2013
344,Wilmington,13.61,0,32.08,32.08,32.08,11/29/2012,2013
345,Winchendon,14.93,0,14.93,14.93,14.93,11/8/2012,2013
346,Winchester,12.77,0,12.01,12.01,12.01,12/10/2012,2013
347,Windsor,12.59,0,12.59,12.59,12.59,9/19/2012,2013
348,Winthrop,14.91,14.91,14.91,14.91,14.91,12/21/2012,2013
349,Woburn,10.4,0,27.01,27.01,27.01,12/7/2012,2013
350,Worcester,18.58,0,30.85,30.85,30.85,12/6/2012,2013
351,Worthington,13.36,0,13.36,13.36,13.36,12/5/2012,2013
352,Wrentham,15.07,0,17.88,17.88,17.82,11/27/2012,2013
353,Yarmouth,9.88,0,9.88,9.88,9.88,11/29/2012,2013
1,Abington,15.36,0,15.36,15.36,15.36,11/23/2011,2012
2,Acton,18.55,0,18.55,18.55,18.55,12/22/2011,2012
3,Acushnet,12.47,0,15.23,15.23,15.23,12/15/2011,2012
4,Adams,17.26,0,20.47,20.47,20.47,9/19/2011,2012
5,Agawam,14.4,0,28.46,28.46,28.46,12/8/2011,2012
6,Alford,4.4,0,4.4,4.4,4.4,9/29/2011,2012
7,Amesbury,19.13,0,19.13,19.13,19.13,12/14/2011,2012
8,Amherst,19.74,0,19.74,19.74,19.74,12/9/2011,2012
9,Andover,14.15,14.15,23.54,23.54,23.54,12/13/2011,2012
10,Aquinnah,3.93,0,3.93,0,3.93,6/8/2012,2012
11,Arlington,13.66,0,13.66,13.66,13.66,12/15/2011,2012
12,Ashburnham,18.34,0,18.34,18.34,18.34,12/21/2011,2012
13,Ashby,16.42,0,16.42,16.42,16.42,12/14/2011,2012
14,Ashfield,14.69,0,14.69,14.69,14.69,12/15/2011,2012
15,Ashland,16.57,16.57,16.57,16.57,16.57,12/14/2011,2012
16,Athol,15.38,0,15.38,15.38,15.38,12/13/2011,2012
17,Attleboro,12.88,0,20.3,20.3,20.3,12/9/2011,2012
18,Auburn,16.05,0,23.93,23.93,23.82,12/1/2011,2012
19,Avon,13.58,0,28.82,28.82,28.79,12/19/2011,2012
20,Ayer,13.1,0,27.2,27.2,27.2,12/14/2011,2012
21,Barnstable,8.42,0,7.59,7.59,7.59,11/29/2011,2012
22,Barre,14.42,0,14.42,14.42,14.42,11/28/2011,2012
23,Becket,9.51,0,9.51,9.51,9.51,12/8/2011,2012
24,Bedford,15.21,11.4,33.21,33.21,33.21,12/13/2011,2012
25,Belchertown,16.56,0,16.56,16.56,16.56,11/30/2011,2012
26,Bellingham,14.05,0,16.08,16.08,15.92,12/16/2011,2012
27,Belmont,13.35,0,13.35,13.35,13.35,12/7/2011,2012
28,Berkley,11.6,0,11.6,11.6,11.6,12/15/2011,2012
29,Berlin,14.47,14.47,17.47,17.47,17.47,9/21/2011,2012
30,Bernardston,16.08,0,16.08,16.08,16.08,10/28/2011,2012
31,Beverly,12.97,12.97,23.59,23.59,23.59,12/22/2011,2012
32,Billerica,13.92,0,31.93,31.93,31.93,12/15/2011,2012
33,Blackstone,16.92,0,16.92,16.92,16.92,12/15/2011,2012
34,Blandford,13.88,0,13.88,13.88,13.88,12/21/2011,2012
35,Bolton,19.78,0,19.78,19.78,19.78,12/13/2011,2012
36,Boston,13.04,0,31.92,31.92,31.92,12/12/2011,2012
37,Bourne,9.12,0,9.12,9.12,9.12,12/2/2011,2012
38,Boxborough,17.87,0,17.87,17.87,17.87,11/22/2011,2012
39,Boxford,14.09,0,14.09,14.09,14.09,12/16/2011,2012
40,Boylston,17.02,0,17.02,17.02,17.02,11/30/2011,2012
41,Braintree,10.45,0,23.65,23.65,23.53,12/13/2011,2012
42,Brewster,7.44,0,7.44,7.44,7.44,9/23/2011,2012
43,Bridgewater,15.11,0,15.11,15.11,15.11,12/15/2011,2012
44,Brimfield,14.48,0,14.48,14.48,14.48,12/16/2011,2012
45,Brockton,16.14,0,29.96,29.96,29.96,12/14/2011,2012
46,Brookfield,16.45,0,16.45,16.45,16.45,12/20/2011,2012
47,Brookline,11.4,0,18.58,18.58,18.58,12/13/2011,2012
48,Buckland,14.6,0,14.6,14.6,14.6,10/28/2011,2012
49,Burlington,11.55,0,30.95,30.95,30.95,11/30/2011,2012
50,Cambridge,8.48,0,20.76,20.76,20.76,9/27/2011,2012
51,Canton,11.91,0,24.23,24.23,24.23,11/14/2011,2012
52,Carlisle,17.14,0,17.14,17.14,17.14,10/28/2011,2012
53,Carver,15.47,0,21.43,21.43,21.43,12/14/2011,2012
54,Charlemont,16.11,0,16.11,16.11,16.11,12/7/2011,2012
55,Charlton,12,0,12,12,12,12/8/2011,2012
56,Chatham,4.45,0,4.45,4.45,4.45,10/31/2011,2012
57,Chelmsford,17.49,0,17.49,17.49,17.49,11/28/2011,2012
58,Chelsea,13.81,0,32.92,32.92,32.92,12/13/2011,2012
59,Cheshire,9.6,0,9.6,9.6,9.6,10/19/2011,2012
60,Chester,18.96,0,18.96,18.96,18.96,12/6/2011,2012
61,Chesterfield,15.97,0,15.97,15.97,15.97,12/23/2011,2012
62,Chicopee,14.93,0,30.83,30.83,30.83,10/28/2011,2012
63,Chilmark,2.08,0,2.08,2.08,2.08,6/6/2012,2012
64,Clarksburg,11.53,0,11.53,11.53,11.53,12/22/2011,2012
65,Clinton,15.28,0,29.77,29.77,29.77,12/15/2011,2012
66,Cohasset,11.98,0,11.98,11.98,11.98,12/22/2011,2012
67,Colrain,16.12,0,16.12,16.12,16.12,9/21/2011,2012
68,Concord,13.58,0,13.58,13.58,13.58,11/30/2011,2012
69,Conway,14.21,0,14.21,14.21,14.21,10/19/2011,2012
70,Cummington,11.09,0,11.09,11.09,11.09,11/18/2011,2012
71,Dalton,17.41,0,17.41,17.41,17.41,11/29/2011,2012
72,Danvers,13.93,0,19.38,19.38,19.38,11/21/2011,2012
73,Dartmouth,8.87,0,13.53,13.53,13.48,11/30/2011,2012
74,Dedham,15.43,0,32.2,32.2,32.2,12/6/2011,2012
75,Deerfield,12.82,0,12.82,12.82,12.82,11/15/2011,2012
76,Dennis,5.88,5.88,5.88,5.88,5.88,11/30/2011,2012
77,Devens,15.04,0,17.12,17.12,0,6/28/2012,2012
78,Dighton,13.67,0,26.06,26.06,26.06,12/22/2011,2012
79,Douglas,14.18,0,14.18,14.18,14.18,11/22/2011,2012
80,Dover,11.92,0,11.92,11.92,11.92,12/12/2011,2012
81,Dracut,12.93,0,12.93,12.93,12.93,12/1/2011,2012
82,Dudley,10.9,0,10.9,10.9,10.9,11/22/2011,2012
83,Dunstable,14.88,0,14.88,14.88,14.88,12/7/2011,2012
84,Duxbury,13.79,0,13.79,13.79,13.79,11/30/2011,2012
85,East Bridgewater,15.63,0,15.63,15.63,15.63,11/10/2011,2012
86,East Brookfield,14.22,0,14.22,14.22,14.22,10/5/2011,2012
87,East Longmeadow,18.85,0,18.85,18.85,18.85,10/11/2011,2012
88,Eastham,6.35,0,6.35,6.35,6.35,9/9/2011,2012
89,Easthampton,13.27,0,13.27,13.27,13.27,11/9/2011,2012
90,Easton,14.95,0,14.95,14.95,14.95,12/13/2011,2012
91,Edgartown,3.43,0,3.43,3.43,3.43,5/24/2012,2012
92,Egremont,7.86,0,7.86,7.86,7.86,12/20/2011,2012
93,Erving,7.51,7.51,12.99,12.99,12.99,9/21/2011,2012
94,Essex,14.39,0,14.39,14.39,14.39,12/15/2011,2012
95,Everett,15.52,0,41.66,41.66,41.66,12/12/2011,2012
96,Fairhaven,10.27,0,20.63,20.63,20.63,12/14/2011,2012
97,Fall River,10.98,0,23.54,23.54,23.54,12/23/2011,2012
98,Falmouth,7.78,7.78,7.78,7.78,7.78,11/30/2011,2012
99,Fitchburg,17.62,0,23.32,23.32,23.32,10/18/2011,2012
100,Florida,8.25,0,22.97,22.97,22.97,12/23/2011,2012
101,Foxborough,13.73,0,14.86,14.86,14.86,12/7/2011,2012
102,Framingham,16.94,0,38.05,38.05,38.05,12/21/2011,2012
103,Franklin,13.73,0,13.73,13.73,13.73,12/1/2011,2012
104,Freetown,12.12,0,19.5,19.5,19.5,12/6/2011,2012
105,Gardner,16.67,0,16.67,16.67,16.67,12/28/2011,2012
106,Georgetown,13.09,0,13.09,13.09,13.09,11/29/2011,2012
107,Gill,14.55,0,14.55,14.55,14.55,12/22/2011,2012
108,Gloucester,12.18,0,13.01,13.01,13.01,12/1/2011,2012
109,Goshen,13.47,0,13.47,13.47,13.47,11/30/2011,2012
110,Gosnold,2.21,0,2.21,2.21,2.21,6/21/2012,2012
111,Grafton,14.13,0,14.13,14.13,14.13,11/18/2011,2012
112,Granby,15.87,0,15.87,15.87,15.87,12/9/2011,2012
113,Granville,12.02,0,12.02,12.02,12.02,10/24/2011,2012
114,Great Barrington,13.12,0,13.12,13.12,13.12,8/23/2011,2012
115,Greenfield,19.01,0,19.01,19.01,19.01,11/28/2011,2012
116,Groton,16.08,0,16.08,16.08,16.08,11/22/2011,2012
117,Groveland,12.98,0,12.98,12.98,12.98,12/12/2011,2012
118,Hadley,10.22,0,10.22,10.22,10.22,11/21/2011,2012
119,Halifax,16.8,0,16.8,16.8,16.8,9/14/2011,2012
120,Hamilton,17.32,0,17.32,17.32,17.32,12/2/2011,2012
121,Hampden,16.87,0,16.87,16.87,16.87,12/21/2011,2012
122,Hancock,3.26,0,3.26,3.26,3.26,12/22/2011,2012
123,Hanover,15,0,15.74,15.74,15.74,11/17/2011,2012
124,Hanson,12.73,0,12.73,12.73,12.73,9/19/2011,2012
125,Hardwick,13.32,0,13.32,13.32,13.32,12/16/2011,2012
126,Harvard,16.24,0,16.24,16.24,16.24,12/20/2011,2012
127,Harwich,8.12,0,8.12,8.12,8.12,11/28/2011,2012
128,Hatfield,10.73,0,10.73,10.73,10.73,11/18/2011,2012
129,Haverhill,14.76,0,24.68,24.68,24.68,12/16/2011,2012
130,Hawley,16.3,0,16.3,0,16.3,12/15/2011,2012
131,Heath,19.84,0,19.84,19.84,19.84,12/19/2011,2012
132,Hingham,11.89,0,11.89,11.89,11.89,12/21/2011,2012
133,Hinsdale,12.26,0,12.26,12.26,12.26,10/25/2011,2012
134,Holbrook,18.21,0,35.13,35.13,35.13,12/12/2011,2012
135,Holden,16.53,0,16.53,16.53,16.53,11/18/2011,2012
136,Holland,15.18,0,15.18,15.18,15.18,10/18/2011,2012
137,Holliston,18.32,0,18.32,18.32,18.32,12/13/2011,2012
138,Holyoke,16.85,0,38.53,38.53,38.53,12/27/2011,2012
139,Hopedale,14.86,0,23.86,23.86,23.86,12/6/2011,2012
140,Hopkinton,17.05,17.05,17.05,17.05,17.05,12/7/2011,2012
141,Hubbardston,12.7,0,12.7,12.7,12.7,12/6/2011,2012
142,Hudson,15.51,0,29.55,29.55,29.55,12/9/2011,2012
143,Hull,13.06,0,13.06,0,13.06,12/7/2011,2012
144,Huntington,15.12,0,15.12,15.12,15.12,11/7/2011,2012
145,Ipswich,12.77,0,12.77,12.77,12.77,12/9/2011,2012
146,Kingston,15.33,0,15.33,15.33,15.33,11/8/2011,2012
147,Lakeville,11.85,0,11.85,11.85,11.85,12/22/2011,2012
148,Lancaster,17.94,0,17.94,17.94,17.94,12/15/2011,2012
149,Lanesborough,17.08,0,17.08,17.08,17.08,12/20/2011,2012
150,Lawrence,14.29,0,31.81,31.81,31.81,12/20/2011,2012
151,Lee,13.67,0,13.67,13.67,13.67,11/3/2011,2012
152,Leicester,13.18,0,13.18,13.18,13.18,12/7/2011,2012
153,Lenox,11.17,0,14.79,14.79,14.79,12/12/2011,2012
154,Leominster,16.72,16.72,16.72,16.72,16.72,11/30/2011,2012
155,Leverett,17.77,0,17.77,17.77,17.77,12/12/2011,2012
156,Lexington,14.97,0,28.45,28.45,28.45,12/12/2011,2012
157,Leyden,16.68,0,16.68,16.68,16.68,12/16/2011,2012
158,Lincoln,13.81,0,18.17,18.17,18.17,9/14/2011,2012
159,Littleton,16.08,0,25.74,25.74,25.74,12/9/2011,2012
160,Longmeadow,19.68,0,19.68,19.68,19.68,12/13/2011,2012
161,Lowell,14.77,0,30.89,30.89,30.89,12/20/2011,2012
162,Ludlow,16.98,0,16.98,16.98,16.98,12/23/2011,2012
163,Lunenburg,16.83,0,16.83,16.83,16.83,12/9/2011,2012
164,Lynn,16.28,0,32.82,32.82,32.82,12/16/2011,2012
165,Lynnfield,14.26,0,15.56,15.56,15.56,12/6/2011,2012
166,Malden,14.33,0,24.84,24.84,24.84,12/15/2011,2012
167,Manchester By The Sea,10.11,0,10.11,10.11,10.11,11/30/2011,2012
168,Mansfield,14.29,0,18.5,18.5,18.5,12/2/2011,2012
169,Marblehead,10.52,0,10.52,10.52,10.52,12/6/2011,2012
170,Marion,9.71,0,9.71,9.71,9.71,12/12/2011,2012
171,Marlborough,14.8,0,29.04,29.04,29.04,12/13/2011,2012
172,Marshfield,11.76,0,11.76,11.76,11.76,12/16/2011,2012
173,Mashpee,8.51,8.51,8.51,8.51,8.51,12/7/2011,2012
174,Mattapoisett,11.85,0,11.85,11.85,11.85,12/21/2011,2012
175,Maynard,18.45,0,27.17,27.17,27.17,12/16/2011,2012
176,Medfield,15.73,0,15.73,15.73,15.73,12/6/2011,2012
177,Medford,12.03,0,23.72,23.72,23.72,12/21/2011,2012
178,Medway,17.48,0,17.48,17.48,17.48,11/29/2011,2012
179,Melrose,12.76,0,19.47,19.47,19.47,11/30/2011,2012
180,Mendon,14.42,0,14.42,14.42,14.42,11/22/2011,2012
181,Merrimac,15.24,0,15.24,15.24,15.24,11/21/2011,2012
182,Methuen,13.04,0,23.04,23.04,23.04,12/23/2011,2012
183,Middleborough,13.74,0,14.61,14.61,14.61,11/7/2011,2012
184,Middlefield,15.78,0,15.78,15.78,15.78,12/2/2011,2012
185,Middleton,12.81,0,12.81,12.81,12.81,12/14/2011,2012
186,Milford,16.17,0,27.84,27.84,27.84,11/18/2011,2012
187,Millbury,15.42,0,15.42,15.42,15.42,12/7/2011,2012
188,Millis,15.49,0,15.49,15.49,15.49,12/7/2011,2012
189,Millville,13.17,0,13.17,13.17,13.17,12/7/2011,2012
190,Milton,14.35,0,21.99,21.99,21.99,12/2/2011,2012
191,Monroe,12.15,0,28.88,28.88,28.88,2/6/2012,2012
192,Monson,14.96,0,14.96,14.96,14.96,11/28/2011,2012
193,Montague,15.97,0,23.9,23.9,23.9,11/16/2011,2012
194,Monterey,5.27,0,5.27,5.27,5.27,1/23/2012,2012
195,Montgomery,14.39,0,14.39,14.39,14.39,12/23/2011,2012
196,Mount Washington,5.65,0,5.65,5.65,5.65,11/8/2011,2012
197,Nahant,10.55,0,10.55,10.55,10.55,9/23/2011,2012
198,Nantucket,3.62,3.46,6.47,6.47,6.47,10/4/2011,2012
199,Natick,13.91,0,13.91,13.91,13.91,11/29/2011,2012
200,Needham,10.95,0,21.5,21.5,21.5,12/22/2011,2012
201,New Ashford,8.84,8.84,12.53,12.53,12.36,5/1/2012,2012
202,New Bedford,13.76,0,28.44,28.44,28.44,12/19/2011,2012
203,New Braintree,15.96,0,15.96,15.96,15.96,12/15/2011,2012
204,New Marlborough,8.77,0,8.77,8.77,8.77,12/13/2011,2012
205,New Salem,13.4,13.4,16.02,16.02,16.02,1/24/2012,2012
206,Newbury,11.07,0,11.07,11.07,11.07,12/8/2011,2012
207,Newburyport,12.8,12.8,12.8,12.8,12.8,12/9/2011,2012
208,Newton,11.17,0,21.32,21.32,21.32,11/23/2011,2012
209,Norfolk,16.47,16.47,16.47,16.47,16.47,12/15/2011,2012
210,North Adams,14.82,0,32.83,32.83,32.83,12/9/2011,2012
211,North Andover,13.92,0,19.16,19.16,19.16,12/14/2011,2012
212,North Attleborough,12.23,0,12.7,12.7,12.7,12/6/2011,2012
213,North Brookfield,13.5,0,13.5,13.5,13.5,11/21/2011,2012
214,North Reading,14.38,0,14.38,14.38,14.38,11/29/2011,2012
215,Northampton,13.35,0,13.35,13.35,13.35,12/16/2011,2012
216,Northborough,15.49,15.49,15.49,15.49,15.49,12/20/2011,2012
217,Northbridge,12.81,0,12.81,12.81,12.81,12/21/2011,2012
218,Northfield,14.1,0,14.1,14.1,14.1,12/1/2011,2012
219,Norton,13.54,0,13.54,13.54,13.54,12/8/2011,2012
220,Norwell,14.24,0,14.24,14.24,14.24,12/15/2011,2012
221,Norwood,10.58,0,20.29,20.29,20.29,12/16/2011,2012
222,Oak Bluffs,7.39,7.39,7.39,7.39,7.39,12/23/2011,2012
223,Oakham,11.34,0,11.34,11.34,11.34,12/2/2011,2012
224,Orange,17.69,0,17.69,17.69,17.69,12/1/2011,2012
225,Orleans,5.91,0,5.91,5.91,5.91,11/1/2011,2012
226,Otis,6.78,0,6.78,6.78,6.78,11/29/2011,2012
227,Oxford,13.89,0,13.89,13.89,13.89,4/3/2012,2012
228,Palmer,15.61,0,15.61,15.61,15.61,12/6/2011,2012
229,Paxton,18.16,0,18.16,18.16,18.16,10/28/2011,2012
230,Peabody,11.82,0,23.43,23.43,23.43,11/22/2011,2012
231,Pelham,19.64,0,19.64,19.64,19.64,12/8/2011,2012
232,Pembroke,13.91,0,13.91,13.91,13.91,12/6/2011,2012
233,Pepperell,13.59,0,13.59,13.59,13.59,12/8/2011,2012
234,Peru,15.4,0,15.4,15.4,15.4,9/22/2011,2012
235,Petersham,15.51,0,15.51,15.51,15.51,10/28/2011,2012
236,Phillipston,14.62,0,14.62,14.62,14.62,12/9/2011,2012
237,Pittsfield,16.11,16.11,32.85,32.85,32.85,12/16/2011,2012
238,Plainfield,17.48,0,17.48,17.48,17.48,5/3/2012,2012
239,Plainville,13.99,0,13.99,13.99,13.99,12/8/2011,2012
240,Plymouth,13.84,0,13.84,13.84,13.84,3/15/2012,2012
241,Plympton,16.25,0,16.25,16.25,16.25,9/21/2011,2012
242,Princeton,16.84,0,16.84,16.84,16.84,12/20/2011,2012
243,Provincetown,7.2,0,7.2,7.2,7.2,12/7/2011,2012
244,Quincy,13.75,0,28.66,28.66,28.66,12/22/2011,2012
245,Randolph,16.03,0,29.12,29.12,29.12,12/27/2011,2012
246,Raynham,14.24,0,19.85,19.85,19.85,12/2/2011,2012
247,Reading,14.15,0,14.15,14.15,14.15,11/21/2011,2012
248,Rehoboth,10.97,0,10.97,10.97,10.97,12/5/2011,2012
249,Revere,15.07,0,30.47,30.47,30.47,12/1/2011,2012
250,Richmond,9.7,0,9.7,9.7,9.7,12/2/2011,2012
251,Rochester,12.8,0,12.8,12.8,12.8,10/27/2011,2012
252,Rockland,15.81,0,15.81,15.81,15.81,12/8/2011,2012
253,Rockport,10.05,0,10.05,10.05,10.05,11/18/2011,2012
254,Rowe,5.16,0,11.19,11.19,11.19,1/6/2012,2012
255,Rowley,13.92,13.92,13.92,13.92,13.92,12/13/2011,2012
256,Royalston,9.46,0,9.46,9.46,9.46,3/26/2012,2012
257,Russell,18.4,0,18.4,18.4,18.4,12/19/2011,2012
258,Rutland,15.3,0,15.3,15.3,15.3,12/14/2011,2012
259,Salem,15.63,0,29.81,29.81,29.81,12/19/2011,2012
260,Salisbury,10.97,0,10.97,10.97,10.97,12/20/2011,2012
261,Sandisfield,10.1,0,10.1,10.1,10.1,10/4/2011,2012
262,Sandwich,12.74,0,12.74,12.74,12.74,12/16/2011,2012
263,Saugus,11.04,0,24.16,24.16,24.16,11/23/2011,2012
264,Savoy,16.54,0,16.54,16.54,16.54,12/14/2011,2012
265,Scituate,12.34,0,12.34,12.34,12.34,12/8/2011,2012
266,Seekonk,12.19,0,24.47,24.47,24.4,12/16/2011,2012
267,Sharon,20.11,0,20.11,20.11,20.11,12/20/2011,2012
268,Sheffield,12.84,0,12.84,12.84,12.84,12/2/2011,2012
269,Shelburne,12.78,0,12.78,12.78,12.78,11/1/2011,2012
270,Sherborn,18.22,0,18.22,18.22,18.22,9/6/2011,2012
271,Shirley,14.98,0,14.98,14.98,14.98,12/7/2011,2012
272,Shrewsbury,11.11,0,11.11,11.11,11.11,11/30/2011,2012
273,Shutesbury,19.56,0,19.56,19.56,19.56,12/9/2011,2012
274,Somerset,12.69,0,24.2,24.2,24.02,12/21/2011,2012
275,Somerville,13.09,0,21.85,21.85,21.85,12/6/2011,2012
276,South Hadley,14.73,14.73,14.73,14.73,14.73,12/14/2011,2012
277,Southampton,14.01,0,14.01,14.01,14.01,12/27/2011,2012
278,Southborough,16.14,0,16.14,16.14,16.14,11/3/2011,2012
279,Southbridge,17.83,0,17.83,17.83,17.83,12/9/2011,2012
280,Southfield Redevelopment Authority,12.89,12.89,23.89,0,23.89,2/28/2012,2012
281,Southwick,14.23,0,14.23,14.23,14.23,10/28/2011,2012
282,Spencer,12.28,0,12.28,12.28,12.28,11/22/2011,2012
283,Springfield,19.83,0,39.99,39.99,39.99,12/19/2011,2012
284,Sterling,15.65,0,15.65,15.65,15.65,12/20/2011,2012
285,Stockbridge,7.63,0,7.63,7.63,7.63,3/28/2012,2012
286,Stoneham,12.61,0,20.25,20.25,20.25,12/6/2011,2012
287,Stoughton,14.5,0,25.24,25.24,25.24,10/12/2011,2012
288,Stow,17.9,0,17.9,17.9,17.9,11/18/2011,2012
289,Sturbridge,17.63,17.63,17.63,17.63,17.63,9/21/2011,2012
290,Sudbury,17.6,0,22.95,22.95,22.95,12/6/2011,2012
291,Sunderland,12.97,0,12.97,12.97,12.97,12/6/2011,2012
292,Sutton,14.53,0,14.53,14.53,14.53,11/29/2011,2012
293,Swampscott,17.99,0,33.41,33.41,33.41,12/2/2011,2012
294,Swansea,11.27,0,22.76,22.76,22.76,12/19/2011,2012
295,Taunton,12.47,0,27.62,27.62,27.62,11/23/2011,2012
296,Templeton,14.6,0,14.6,14.6,14.6,11/30/2011,2012
297,Tewksbury,14.93,0,25.05,25.05,25.05,12/15/2011,2012
298,Tisbury,8.01,0,7.44,7.44,7.44,3/30/2012,2012
299,Tolland,6,0,6,6,6,10/5/2011,2012
300,Topsfield,15.45,0,15.45,15.45,15.45,12/5/2011,2012
301,Townsend,16.96,0,16.96,16.96,16.96,12/8/2011,2012
302,Truro,5.97,0,5.97,5.97,5.97,9/13/2011,2012
303,Tyngsborough,15.29,0,15.29,15.29,15.29,12/6/2011,2012
304,Tyringham,6,0,6,0,6,12/13/2011,2012
305,Upton,15.03,0,15.03,15.03,15.03,11/28/2011,2012
306,Uxbridge,15.1,0,15.1,15.1,15.1,12/1/2011,2012
307,Wakefield,11.9,0,24.18,24.18,24.18,11/22/2011,2012
308,Wales,15.95,0,15.95,15.95,15.95,11/18/2011,2012
309,Walpole,14.14,0,18.4,18.4,18.4,12/9/2011,2012
310,Waltham,13.35,0,31.27,31.27,31.27,12/2/2011,2012
311,Ware,15.89,0,15.89,15.89,15.89,12/6/2011,2012
312,Wareham,9.37,0,9.37,9.37,9.37,12/28/2011,2012
313,Warren,16.23,0,16.23,16.23,16.23,12/1/2011,2012
314,Warwick,16.43,0,16.43,16.43,16.43,12/16/2011,2012
315,Washington,13.11,0,13.11,13.11,13.11,3/2/2012,2012
316,Watertown,14.4,0,26.64,26.64,26.64,11/30/2011,2012
317,Wayland,19.01,0,19.01,19.01,19.01,12/13/2011,2012
318,Webster,11.78,0,18.47,18.47,18.47,12/23/2011,2012
319,Wellesley,11.48,0,11.48,11.48,11.48,12/21/2011,2012
320,Wellfleet,6.12,0,6.12,6.12,6.12,9/29/2011,2012
321,Wendell,18.94,0,18.94,18.94,18.94,2/8/2012,2012
322,Wenham,17.89,0,17.89,17.89,17.89,12/21/2011,2012
323,West Boylston,16.81,0,16.81,16.81,16.81,12/2/2011,2012
324,West Bridgewater,15.36,0,24.65,24.65,24.65,12/7/2011,2012
325,West Brookfield,11.63,0,11.63,11.63,11.63,12/15/2011,2012
326,West Newbury,14.83,0,14.83,14.83,14.83,12/13/2011,2012
327,West Springfield,17.25,0,35.64,35.64,35.64,12/15/2011,2012
328,West Stockbridge,11.12,0,11.12,11.12,11.12,5/14/2012,2012
329,West Tisbury,4.92,0,4.92,4.92,4.92,4/23/2012,2012
330,Westborough,19.21,0,19.21,19.21,19.21,12/6/2011,2012
331,Westfield,16.13,0,30.36,30.36,30.36,12/6/2011,2012
332,Westford,15.55,0,15.79,15.79,15.55,11/15/2011,2012
333,Westhampton,16.4,0,16.4,16.4,16.4,11/28/2011,2012
334,Westminster,17.24,0,17.24,17.24,17.24,11/30/2011,2012
335,Weston,12.11,0,12.11,12.11,12.11,12/16/2011,2012
336,Westport,7.05,0,7.05,7.05,7.05,12/15/2011,2012
337,Westwood,14.48,0,26.55,26.55,26.55,12/5/2011,2012
338,Weymouth,12.14,0,20.13,20.13,20.13,12/7/2011,2012
339,Whately,15.85,15.85,15.85,15.85,15.85,12/2/2011,2012
340,Whitman,14.62,0,14.62,14.62,14.62,12/1/2011,2012
341,Wilbraham,18.05,0,18.05,18.05,18.05,12/1/2011,2012
342,Williamsburg,15.49,0,15.49,15.49,15.49,11/28/2011,2012
343,Williamstown,13.98,0,13.98,13.98,13.98,9/27/2011,2012
344,Wilmington,12.14,0,28.64,28.64,28.64,12/2/2011,2012
345,Winchendon,15.11,0,15.11,15.11,15.11,12/15/2011,2012
346,Winchester,12.55,0,11.77,11.77,11.77,12/7/2011,2012
347,Windsor,11.62,0,11.62,11.62,11.62,5/1/2012,2012
348,Winthrop,14.49,14.49,14.49,14.49,14.49,12/28/2011,2012
349,Woburn,10.4,0,26.83,26.83,26.83,12/14/2011,2012
350,Worcester,16.98,0,29.07,29.07,29.07,5/24/2012,2012
351,Worthington,13.69,0,13.69,13.69,13.69,12/13/2011,2012
352,Wrentham,14.43,0,17.06,17.06,17,12/7/2011,2012
353,Yarmouth,9.33,0,9.33,9.33,9.33,10/24/2011,2012
1,Abington,15.14,0,15.14,15.14,15.14,11/23/2010,2011
2,Acton,18.08,0,18.08,18.08,18.08,12/16/2010,2011
3,Acushnet,11.41,0,13.94,13.94,13.94,12/7/2010,2011
4,Adams,16,0,18.97,18.97,18.97,9/2/2010,2011
5,Agawam,14,0,28.32,28.32,28.32,12/8/2010,2011
6,Alford,4.3,0,4.3,4.3,4.3,11/17/2010,2011
7,Amesbury,18.46,0,18.46,18.46,18.46,12/17/2010,2011
8,Amherst,18.2,0,18.2,18.2,18.2,12/13/2010,2011
9,Andover,14.12,14.12,22.46,22.46,22.46,12/2/2010,2011
10,Aquinnah,3.86,0,3.86,0,3.86,12/9/2010,2011
11,Arlington,12.41,0,12.41,12.41,12.41,12/13/2010,2011
12,Ashburnham,17.15,0,17.15,17.15,17.15,11/23/2010,2011
13,Ashby,14.9,0,14.9,14.9,14.9,12/13/2010,2011
14,Ashfield,13.94,0,13.94,13.94,13.94,12/23/2010,2011
15,Ashland,15.91,15.91,15.91,15.91,15.91,12/8/2010,2011
16,Athol,14.14,0,14.14,14.14,14.14,12/8/2010,2011
17,Attleboro,12.2,0,19.61,19.61,19.61,12/7/2010,2011
18,Auburn,15.38,0,24.33,24.33,24.21,11/9/2010,2011
19,Avon,12.27,0,25.96,25.96,25.92,12/9/2010,2011
20,Ayer,12.09,0,26.82,26.82,26.82,12/20/2010,2011
21,Barnstable,8.05,0,7.28,7.28,7.28,12/9/2010,2011
22,Barre,13.53,0,13.53,13.53,13.53,11/17/2010,2011
23,Becket,8.82,0,8.82,8.82,8.82,12/17/2010,2011
24,Bedford,14.33,10.74,31.76,31.76,31.76,12/16/2010,2011
25,Belchertown,15.65,0,15.65,15.65,15.65,12/8/2010,2011
26,Bellingham,13.11,0,16.01,16.01,15.85,12/9/2010,2011
27,Belmont,13.24,0,13.24,13.24,13.24,12/8/2010,2011
28,Berkley,11.01,0,11.01,11.01,11.01,12/16/2010,2011
29,Berlin,13.89,0,14.84,14.84,14.84,9/17/2010,2011
30,Bernardston,15.83,0,15.83,15.83,15.83,11/22/2010,2011
31,Beverly,12.41,12.41,22.59,22.59,22.59,12/24/2010,2011
32,Billerica,13.47,0,30.75,30.75,30.75,12/8/2010,2011
33,Blackstone,15.51,0,15.51,15.51,15.51,12/22/2010,2011
34,Blandford,13.28,0,13.28,13.28,13.28,12/21/2010,2011
35,Bolton,19.42,0,19.42,19.42,19.42,11/23/2010,2011
36,Boston,12.79,0,31.04,31.04,31.04,12/17/2010,2011
37,Bourne,8.21,0,8.21,8.21,8.21,11/15/2010,2011
38,Boxborough,17.38,0,17.38,17.38,17.38,12/7/2010,2011
39,Boxford,13.71,0,13.71,13.71,13.71,12/8/2010,2011
40,Boylston,15.66,0,15.66,15.66,15.66,11/29/2010,2011
41,Braintree,10.2,0,23.29,23.29,23.17,12/8/2010,2011
42,Brewster,6.94,0,6.94,6.94,6.94,10/6/2010,2011
43,Bridgewater,14.42,0,14.42,14.42,14.42,12/15/2010,2011
44,Brimfield,13.86,0,13.86,13.86,13.86,12/1/2010,2011
45,Brockton,15.29,0,29.55,29.55,29.55,12/15/2010,2011
46,Brookfield,14.51,0,14.51,14.51,14.51,12/13/2010,2011
47,Brookline,11.3,0,18.3,18.3,18.3,12/14/2010,2011
48,Buckland,14.11,0,14.11,14.11,14.11,12/13/2010,2011
49,Burlington,11.5,0,30.8,30.8,30.8,11/30/2010,2011
50,Cambridge,8.16,0,19.9,19.9,19.9,10/6/2010,2011
51,Canton,11.55,0,23.04,23.04,23.04,12/6/2010,2011
52,Carlisle,16.13,0,16.13,16.13,16.13,11/29/2010,2011
53,Carver,14.78,0,20.45,20.45,20.45,12/16/2010,2011
54,Charlemont,16,0,16,16,16,12/7/2010,2011
55,Charlton,11.57,0,11.57,11.57,11.57,11/19/2010,2011
56,Chatham,4.28,0,4.28,4.28,4.28,12/8/2010,2011
57,Chelmsford,16.72,0,16.72,16.72,16.72,12/10/2010,2011
58,Chelsea,12.92,0,30.6,30.6,30.6,12/14/2010,2011
59,Cheshire,9.45,0,9.45,9.45,9.45,10/21/2010,2011
60,Chester,18.64,0,18.64,18.64,18.64,11/18/2010,2011
61,Chesterfield,16.15,0,16.15,16.15,16.15,12/16/2010,2011
62,Chicopee,14.66,0,30.3,30.3,30.3,10/7/2010,2011
63,Chilmark,2.13,0,2.13,2.13,2.13,10/8/2010,2011
64,Clarksburg,11.11,0,11.11,11.11,11.11,12/23/2010,2011
65,Clinton,14.13,0,27.36,27.36,27.36,12/14/2010,2011
66,Cohasset,11.59,0,11.59,11.59,11.59,3/18/2011,2011
67,Colrain,14.9,0,14.9,14.9,14.9,9/21/2010,2011
68,Concord,13.19,0,13.19,13.19,13.19,11/17/2010,2011
69,Conway,12.98,0,12.98,12.98,12.98,11/4/2010,2011
70,Cummington,12.45,0,12.45,12.45,12.45,10/14/2010,2011
71,Dalton,17.38,0,17.38,17.38,17.38,11/23/2010,2011
72,Danvers,13.4,0,18.67,18.67,18.67,12/10/2010,2011
73,Dartmouth,8.44,0,12.9,12.9,12.82,12/3/2010,2011
74,Dedham,14.37,0,31.06,31.06,31.06,12/20/2010,2011
75,Deerfield,12.32,0,12.32,12.32,12.32,11/1/2010,2011
76,Dennis,5.59,5.59,5.59,5.59,5.59,12/16/2010,2011
77,Devens,13.25,0,15.89,15.89,0,12/30/2010,2011
78,Dighton,12.11,0,24.09,24.09,24.09,12/22/2010,2011
79,Douglas,13.31,0,13.31,13.31,13.31,11/23/2010,2011
80,Dover,11.7,0,11.7,11.7,11.7,12/17/2010,2011
81,Dracut,12.69,0,12.69,12.69,12.69,11/19/2010,2011
82,Dudley,10.56,0,10.56,10.56,10.56,12/1/2010,2011
83,Dunstable,14.62,0,14.62,14.62,14.62,11/17/2010,2011
84,Duxbury,12.6,0,12.6,12.6,12.6,11/9/2010,2011
85,East Bridgewater,13.21,0,13.21,13.21,13.21,10/27/2010,2011
86,East Brookfield,13.85,0,13.85,13.85,13.85,10/14/2010,2011
87,East Longmeadow,17.67,0,17.67,17.67,17.67,10/12/2010,2011
88,Eastham,5.91,0,5.91,5.91,5.91,9/9/2010,2011
89,Easthampton,12.69,0,12.69,12.69,12.69,12/7/2010,2011
90,Easton,14.51,0,14.51,14.51,14.51,12/9/2010,2011
91,Edgartown,3.4,0,3.4,3.4,3.4,12/16/2010,2011
92,Egremont,7.13,0,7.13,7.13,7.13,12/8/2010,2011
93,Erving,7.24,7.24,12.53,12.53,12.53,9/27/2010,2011
94,Essex,13.62,0,13.62,13.62,13.62,12/22/2010,2011
95,Everett,15.89,0,43.74,43.74,43.74,12/20/2010,2011
96,Fairhaven,9.56,0,19.3,19.3,19.3,11/23/2010,2011
97,Fall River,10.23,0,21.47,21.47,21.47,3/17/2011,2011
98,Falmouth,7.2,7.2,7.2,7.2,7.2,2/15/2011,2011
99,Fitchburg,16.2,0,21.6,21.6,21.6,10/19/2010,2011
100,Florida,8.08,0,23.92,23.92,23.92,11/30/2010,2011
101,Foxborough,12.94,0,12.94,12.94,12.94,9/30/2010,2011
102,Framingham,16.03,0,37.11,37.11,37.11,12/8/2010,2011
103,Franklin,12.95,0,12.95,12.95,12.95,12/9/2010,2011
104,Freetown,11.4,0,18.3,18.3,18.3,12/22/2010,2011
105,Gardner,15.67,0,15.67,15.67,15.67,12/9/2010,2011
106,Georgetown,11.67,0,11.67,11.67,11.67,12/7/2010,2011
107,Gill,13.9,0,13.9,13.9,13.9,1/31/2011,2011
108,Gloucester,11.31,0,12.08,12.08,12.08,12/21/2010,2011
109,Goshen,14.63,0,14.63,14.63,14.63,11/2/2010,2011
110,Gosnold,1.96,0,1.96,1.96,1.96,7/8/2011,2011
111,Grafton,13.63,0,13.63,13.63,13.63,11/17/2010,2011
112,Granby,14.98,0,14.98,14.98,14.98,12/15/2010,2011
113,Granville,11.9,0,11.9,11.9,11.9,11/9/2010,2011
114,Great Barrington,12.16,0,12.16,12.16,12.16,9/15/2010,2011
115,Greenfield,18.14,0,18.14,18.14,18.14,12/3/2010,2011
116,Groton,16.38,0,16.38,16.38,16.38,12/21/2010,2011
117,Groveland,12.55,0,12.55,12.55,12.55,12/21/2010,2011
118,Hadley,9.92,0,9.92,9.92,9.92,12/10/2010,2011
119,Halifax,15.77,0,15.77,15.77,15.77,10/8/2010,2011
120,Hamilton,17.19,0,17.19,17.19,17.19,12/8/2010,2011
121,Hampden,15.64,0,15.64,15.64,15.64,12/8/2010,2011
122,Hancock,3.11,0,3.11,3.11,3.11,6/1/2011,2011
123,Hanover,14.18,0,14.71,14.71,14.71,12/14/2010,2011
124,Hanson,12.1,0,12.1,12.1,12.1,9/23/2010,2011
125,Hardwick,12.4,0,12.4,12.4,12.4,11/24/2010,2011
126,Harvard,15.47,0,15.47,15.47,15.47,12/22/2010,2011
127,Harwich,7.7,0,7.7,7.7,7.7,12/10/2010,2011
128,Hatfield,10.84,0,10.84,10.84,10.84,12/14/2010,2011
129,Haverhill,13.93,0,23.27,23.27,23.27,12/22/2010,2011
130,Hawley,14.65,0,14.65,0,14.65,11/15/2010,2011
131,Heath,18.83,0,18.83,18.83,18.83,6/7/2011,2011
132,Hingham,11.08,0,11.08,11.08,11.08,12/20/2010,2011
133,Hinsdale,11.42,0,11.42,11.42,11.42,10/14/2010,2011
134,Holbrook,17.36,0,33.44,33.44,33.44,2/11/2011,2011
135,Holden,15.65,0,15.65,15.65,15.65,12/1/2010,2011
136,Holland,14.58,0,14.58,14.58,14.58,10/27/2010,2011
137,Holliston,17.94,0,17.94,17.94,17.94,12/16/2010,2011
138,Holyoke,15.78,0,37.08,37.08,37.08,12/14/2010,2011
139,Hopedale,14.39,0,23.05,23.05,23.05,11/30/2010,2011
140,Hopkinton,16.73,16.73,16.73,16.73,16.73,11/29/2010,2011
141,Hubbardston,11.33,0,11.33,11.33,11.33,12/15/2010,2011
142,Hudson,14.16,0,26.19,26.19,26.19,12/9/2010,2011
143,Hull,12.35,0,12.35,0,12.35,12/6/2010,2011
144,Huntington,14.66,0,14.66,14.66,14.66,12/6/2010,2011
145,Ipswich,12,0,12,12,12,12/13/2010,2011
146,Kingston,14.65,0,14.65,14.65,14.65,10/26/2010,2011
147,Lakeville,11.2,0,11.2,11.2,11.2,12/23/2010,2011
148,Lancaster,17.13,0,17.13,17.13,17.13,12/21/2010,2011
149,Lanesborough,16.64,0,16.64,16.64,16.64,12/23/2010,2011
150,Lawrence,13.45,0,30.41,30.41,30.41,12/21/2010,2011
151,Lee,13.06,0,13.06,13.06,13.06,12/17/2010,2011
152,Leicester,12.44,0,12.44,12.44,12.44,12/22/2010,2011
153,Lenox,10.49,0,14.02,14.02,14.02,12/13/2010,2011
154,Leominster,15.41,15.41,15.41,15.41,15.41,12/1/2010,2011
155,Leverett,16.2,0,16.2,16.2,16.2,11/8/2010,2011
156,Lexington,14.4,0,27.28,27.28,27.28,1/11/2011,2011
157,Leyden,16.43,0,16.43,16.43,16.43,12/15/2010,2011
158,Lincoln,12.37,0,16.27,16.27,16.27,9/30/2010,2011
159,Littleton,15.33,0,24.4,24.4,24.4,11/23/2010,2011
160,Longmeadow,18.75,0,18.75,18.75,18.75,12/8/2010,2011
161,Lowell,14.27,0,29.73,29.73,29.73,12/17/2010,2011
162,Ludlow,15.7,0,15.7,15.7,15.7,12/30/2010,2011
163,Lunenburg,16.16,0,16.16,16.16,16.16,12/9/2010,2011
164,Lynn,16.22,0,32.41,32.41,32.41,12/16/2010,2011
165,Lynnfield,13.49,0,14.61,14.61,14.61,12/14/2010,2011
166,Malden,13.58,0,23.68,23.68,23.68,12/16/2010,2011
167,Manchester By The Sea,9.04,0,9.04,9.04,9.04,11/29/2010,2011
168,Mansfield,14.31,0,18.27,18.27,18.27,12/2/2010,2011
169,Marblehead,10.21,0,10.21,10.21,10.21,12/7/2010,2011
170,Marion,9.4,0,9.4,9.4,9.4,11/23/2010,2011
171,Marlborough,13.94,0,27.55,27.55,27.55,12/9/2010,2011
172,Marshfield,11.29,0,11.29,11.29,11.29,12/16/2010,2011
173,Mashpee,8.37,8.37,8.37,8.37,8.37,12/15/2010,2011
174,Mattapoisett,11.26,0,11.26,11.26,11.26,12/16/2010,2011
175,Maynard,17.5,0,26.91,26.91,26.91,2/7/2011,2011
176,Medfield,15.02,0,15.02,15.02,15.02,12/8/2010,2011
177,Medford,11.61,0,22.98,22.98,22.98,12/23/2010,2011
178,Medway,17.1,0,17.1,17.1,17.1,12/1/2010,2011
179,Melrose,12.46,0,19.01,19.01,19.01,11/30/2010,2011
180,Mendon,13.67,0,13.67,13.67,13.67,12/8/2010,2011
181,Merrimac,13.99,0,13.99,13.99,13.99,11/24/2010,2011
182,Methuen,12.69,0,22.91,22.91,22.91,12/28/2010,2011
183,Middleborough,13.05,0,13.86,13.86,13.86,10/21/2010,2011
184,Middlefield,15.12,0,15.12,15.12,15.12,12/28/2010,2011
185,Middleton,12.17,0,12.17,12.17,12.17,12/20/2010,2011
186,Milford,15.22,0,26.05,26.05,26.05,11/17/2010,2011
187,Millbury,14.55,0,14.55,14.55,14.55,10/28/2010,2011
188,Millis,15.41,0,15.41,15.41,15.41,12/14/2010,2011
189,Millville,12.61,0,12.61,12.61,12.61,12/14/2010,2011
190,Milton,14.07,0,21.56,21.56,21.56,12/3/2010,2011
191,Monroe,12.8,0,27.63,27.63,27.63,1/11/2011,2011
192,Monson,14.43,0,14.43,14.43,14.43,11/15/2010,2011
193,Montague,15.28,0,23.05,23.05,23.05,1/11/2011,2011
194,Monterey,5.28,0,5.28,5.28,5.28,11/24/2010,2011
195,Montgomery,13.81,0,13.81,13.81,13.81,12/16/2010,2011
196,Mount Washington,5.36,0,5.36,5.36,5.36,12/1/2010,2011
197,Nahant,10,0,10,10,10,9/1/2010,2011
198,Nantucket,3.58,3.42,6.41,6.41,6.41,12/2/2010,2011
199,Natick,12.6,0,12.6,12.6,12.6,12/2/2010,2011
200,Needham,10.9,0,21.5,21.5,21.5,12/14/2010,2011
201,New Ashford,7.28,7.28,10.59,10.59,11.12,12/22/2010,2011
202,New Bedford,12.88,0,27.14,27.14,27.14,12/22/2010,2011
203,New Braintree,15.44,0,15.44,0,15.44,12/1/2010,2011
204,New Marlborough,8.47,0,8.47,8.47,8.47,12/20/2010,2011
205,New Salem,13.2,13.2,15.3,15.3,15.3,12/3/2010,2011
206,Newbury,10.18,0,10.18,10.18,10.18,12/9/2010,2011
207,Newburyport,12.07,12.07,12.07,12.07,12.07,12/20/2010,2011
208,Newton,10.9,0,20.89,20.89,20.89,11/18/2010,2011
209,Norfolk,15.1,15.1,15.1,15.1,15.1,12/14/2010,2011
210,North Adams,14,0,31.49,31.49,31.49,12/1/2010,2011
211,North Andover,13.52,0,18.63,18.63,18.63,12/17/2010,2011
212,North Attleborough,11.72,0,11.72,11.72,11.72,1/13/2011,2011
213,North Brookfield,13.56,0,13.56,13.56,13.56,11/23/2010,2011
214,North Reading,14,0,14,14,14,12/13/2010,2011
215,Northampton,12.96,0,12.96,12.96,12.96,12/9/2010,2011
216,Northborough,15.11,15.11,15.11,15.11,15.11,12/21/2010,2011
217,Northbridge,11.7,0,11.7,11.7,11.7,12/21/2010,2011
218,Northfield,13.72,0,13.72,13.72,13.72,1/11/2011,2011
219,Norton,12.68,0,12.68,12.68,12.68,11/29/2010,2011
220,Norwell,13.87,0,13.87,13.87,13.87,12/10/2010,2011
221,Norwood,10.1,0,18.99,18.99,18.99,12/15/2010,2011
222,Oak Bluffs,7.03,7.03,7.03,7.03,7.03,3/8/2011,2011
223,Oakham,10.92,0,10.92,10.92,10.92,12/15/2010,2011
224,Orange,16.58,0,16.58,16.58,16.58,3/31/2011,2011
225,Orleans,5.57,0,5.57,5.57,5.57,11/4/2010,2011
226,Otis,6.62,0,6.62,6.62,6.62,10/14/2010,2011
227,Oxford,13.08,0,13.08,13.08,13.08,4/29/2011,2011
228,Palmer,15.85,0,15.85,15.85,15.85,12/16/2010,2011
229,Paxton,17.03,0,17.03,17.03,17.03,10/21/2010,2011
230,Peabody,11.58,0,23.14,23.14,23.14,12/3/2010,2011
231,Pelham,18.2,0,18.2,18.2,18.2,12/8/2010,2011
232,Pembroke,13.47,0,13.47,13.47,13.47,12/7/2010,2011
233,Pepperell,13.13,0,13.13,13.13,13.13,12/9/2010,2011
234,Peru,15.07,0,15.07,15.07,15.07,2/17/2011,2011
235,Petersham,14.17,0,14.17,14.17,14.17,9/22/2010,2011
236,Phillipston,13.67,0,13.67,13.67,13.67,11/17/2010,2011
237,Pittsfield,15.19,15.19,30.95,30.95,30.95,12/8/2010,2011
238,Plainfield,14.83,0,14.83,14.83,14.83,12/9/2010,2011
239,Plainville,13.57,0,13.57,13.57,13.57,12/2/2010,2011
240,Plymouth,13.04,0,13.04,13.04,13.04,12/23/2010,2011
241,Plympton,15.97,0,15.97,15.97,15.97,9/20/2010,2011
242,Princeton,15.84,0,15.84,15.84,15.84,12/2/2010,2011
243,Provincetown,6.81,0,6.81,6.81,6.81,4/6/2011,2011
244,Quincy,13.42,0,27.85,27.85,27.85,12/23/2010,2011
245,Randolph,15.47,0,28.07,28.07,28.07,12/22/2010,2011
246,Raynham,13.56,0,18.9,18.9,18.9,12/20/2010,2011
247,Reading,13.8,0,13.8,13.8,13.8,12/24/2010,2011
248,Rehoboth,10.13,0,10.13,10.13,10.13,12/3/2010,2011
249,Revere,14.44,0,29.3,29.3,29.3,12/23/2010,2011
250,Richmond,9.04,0,9.04,9.04,9.04,12/10/2010,2011
251,Rochester,12.02,0,12.02,12.02,12.02,1/18/2011,2011
252,Rockland,14.87,0,14.87,14.87,14.87,12/23/2010,2011
253,Rockport,9.8,0,9.8,9.8,9.8,11/4/2010,2011
254,Rowe,5.33,0,11.56,11.56,11.56,11/22/2010,2011
255,Rowley,13.28,13.28,13.28,13.28,13.28,12/10/2010,2011
256,Royalston,9.28,0,9.28,9.28,9.28,4/11/2011,2011
257,Russell,18.16,0,18.16,18.16,18.16,11/22/2010,2011
258,Rutland,14.14,0,14.14,14.14,14.14,12/16/2010,2011
259,Salem,15.05,0,29.08,29.08,29.08,12/16/2010,2011
260,Salisbury,10.63,0,10.63,10.63,10.63,12/21/2010,2011
261,Sandisfield,9.41,0,9.41,9.41,9.41,10/14/2010,2011
262,Sandwich,12.18,0,12.18,12.18,12.18,12/21/2010,2011
263,Saugus,10.62,0,23.36,23.36,23.36,12/22/2010,2011
264,Savoy,16.23,0,16.23,16.23,16.23,1/20/2011,2011
265,Scituate,11.25,0,11.25,11.25,11.25,11/22/2010,2011
266,Seekonk,11.39,0,22.62,22.62,22.51,12/13/2010,2011
267,Sharon,19.47,0,19.47,19.47,19.47,12/22/2010,2011
268,Sheffield,12.5,0,12.5,12.5,12.5,12/1/2010,2011
269,Shelburne,12.66,0,12.66,12.66,12.66,11/10/2010,2011
270,Sherborn,17.72,0,17.72,17.72,17.72,9/13/2010,2011
271,Shirley,13.69,0,13.69,13.69,13.69,12/14/2010,2011
272,Shrewsbury,10.67,0,10.67,10.67,10.67,11/22/2010,2011
273,Shutesbury,19.37,0,19.37,19.37,19.37,12/1/2010,2011
274,Somerset,11.94,0,28.62,28.62,28.41,12/17/2010,2011
275,Somerville,12.71,0,21.21,21.21,21.21,12/21/2010,2011
276,South Hadley,14.36,14.36,14.36,14.36,14.36,12/16/2010,2011
277,Southampton,12.96,0,12.96,12.96,12.96,12/16/2010,2011
278,Southborough,15.58,0,15.58,15.58,15.58,11/17/2010,2011
279,Southbridge,17.14,0,17.14,17.14,17.14,12/8/2010,2011
280,Southfield Redevelopment Authority,11.9,11.9,17.7,0,17.7,11/15/2010,2011
281,Southwick,13.44,0,13.44,13.44,13.44,11/1/2010,2011
282,Spencer,11.07,0,11.07,11.07,11.07,11/10/2010,2011
283,Springfield,19.49,0,38.97,38.97,38.97,12/8/2010,2011
284,Sterling,14.9,0,14.9,14.9,14.9,12/16/2010,2011
285,Stockbridge,7.48,0,7.48,7.48,7.48,11/19/2010,2011
286,Stoneham,12.21,0,19.63,19.63,19.63,11/15/2010,2011
287,Stoughton,13.57,0,23.67,23.67,23.67,11/1/2010,2011
288,Stow,17.05,0,17.05,17.05,17.05,11/15/2010,2011
289,Sturbridge,16.19,16.19,16.19,16.19,16.19,9/27/2010,2011
290,Sudbury,17.03,0,22.27,22.27,22.27,12/15/2010,2011
291,Sunderland,12.8,0,12.8,12.8,12.8,11/17/2010,2011
292,Sutton,13.25,0,13.25,13.25,13.25,10/12/2010,2011
293,Swampscott,16.6,0,30.8,30.8,30.8,12/22/2010,2011
294,Swansea,10.5,0,20.91,20.91,20.91,3/30/2011,2011
295,Taunton,11.71,0,25.45,25.45,25.45,12/2/2010,2011
296,Templeton,12.55,0,12.55,12.55,12.55,12/10/2010,2011
297,Tewksbury,13.46,0,21.29,21.29,21.29,12/3/2010,2011
298,Tisbury,7.52,0,9.49,9.49,9.49,12/9/2010,2011
299,Tolland,5.44,0,5.44,5.44,5.44,9/27/2010,2011
300,Topsfield,14.83,0,14.83,14.83,14.83,11/22/2010,2011
301,Townsend,15.74,0,15.74,15.74,15.74,11/15/2010,2011
302,Truro,5.69,0,5.69,5.69,5.69,4/5/2011,2011
303,Tyngsborough,14.17,0,14.17,14.17,14.17,12/2/2010,2011
304,Tyringham,6.04,0,6.04,0,6.04,12/15/2010,2011
305,Upton,14.64,0,14.64,14.64,14.64,12/21/2010,2011
306,Uxbridge,13.72,0,13.72,13.72,13.72,12/8/2010,2011
307,Wakefield,11.46,0,23.32,23.32,23.32,12/7/2010,2011
308,Wales,14.64,0,14.64,14.64,14.64,11/15/2010,2011
309,Walpole,13.68,0,17.82,17.82,17.82,12/9/2010,2011
310,Waltham,13.09,0,30.43,30.43,30.43,11/30/2010,2011
311,Ware,14.87,0,14.87,14.87,14.87,11/17/2010,2011
312,Wareham,8.93,0,8.93,8.93,8.93,12/20/2010,2011
313,Warren,15.32,0,15.32,15.32,15.32,12/15/2010,2011
314,Warwick,16.7,0,16.7,16.7,16.7,12/23/2010,2011
315,Washington,12.74,0,12.74,12.74,12.74,1/14/2011,2011
316,Watertown,13.92,0,25.87,25.87,25.87,12/9/2010,2011
317,Wayland,19.35,0,19.35,19.35,19.35,12/8/2010,2011
318,Webster,11.16,0,17.92,17.92,17.92,12/29/2010,2011
319,Wellesley,11.43,0,11.43,11.43,11.43,12/13/2010,2011
320,Wellfleet,6.09,0,6.09,6.09,6.09,10/6/2010,2011
321,Wendell,17.99,0,17.99,17.99,17.99,1/20/2011,2011
322,Wenham,17.17,0,17.17,17.17,17.17,12/16/2010,2011
323,West Boylston,16.38,0,16.38,16.38,16.38,12/23/2010,2011
324,West Bridgewater,14.6,0,23.74,23.74,23.74,12/1/2010,2011
325,West Brookfield,10.94,0,10.94,10.94,10.94,12/20/2010,2011
326,West Newbury,13.68,0,13.68,13.68,13.68,12/10/2010,2011
327,West Springfield,16.72,0,34.2,34.2,34.2,12/9/2010,2011
328,West Stockbridge,10.6,0,10.6,10.6,10.6,12/14/2010,2011
329,West Tisbury,4.73,0,4.73,4.73,4.73,12/14/2010,2011
330,Westborough,18.24,0,18.24,18.24,18.24,11/19/2010,2011
331,Westfield,15.41,0,29.13,29.13,29.13,12/2/2010,2011
332,Westford,15.23,0,15.5,15.5,15.23,11/29/2010,2011
333,Westhampton,15.67,0,15.67,15.67,15.67,12/1/2010,2011
334,Westminster,15.14,0,15.14,15.14,15.14,12/15/2010,2011
335,Weston,11.39,0,11.39,11.39,11.39,12/9/2010,2011
336,Westport,6.71,0,6.71,6.71,6.71,12/14/2010,2011
337,Westwood,13.83,0,25.38,25.38,25.38,12/2/2010,2011
338,Weymouth,11.69,0,19.41,19.41,19.41,12/15/2010,2011
339,Whately,15.47,15.47,15.47,15.47,15.47,12/23/2010,2011
340,Whitman,13.43,0,13.43,13.43,13.43,11/24/2010,2011
341,Wilbraham,16.66,0,16.66,16.66,16.66,11/29/2010,2011
342,Williamsburg,14.89,0,14.89,14.89,14.89,12/10/2010,2011
343,Williamstown,12.7,0,12.7,12.7,12.7,8/18/2010,2011
344,Wilmington,11.88,0,28.1,28.1,28.1,12/1/2010,2011
345,Winchendon,14.06,0,14.06,14.06,14.06,11/18/2010,2011
346,Winchester,12.1,0,11.35,11.35,11.35,12/14/2010,2011
347,Windsor,12.9,0,12.9,12.9,12.9,9/27/2010,2011
348,Winthrop,13.8,13.8,13.8,13.8,13.8,12/30/2010,2011
349,Woburn,10.3,0,26.34,26.34,26.34,12/17/2010,2011
350,Worcester,16.06,0,34.65,34.65,34.65,12/23/2010,2011
351,Worthington,12.42,0,12.42,12.42,12.42,12/22/2010,2011
352,Wrentham,14.08,0,16.1,16.1,16.04,12/16/2010,2011
353,Yarmouth,8.64,0,8.64,8.64,8.64,10/20/2010,2011
